3;ОАО Cиб;375838, Брянская область, город Дорохово, пер. Славы, 59;(812) 227-81-62;bogdan98@example.org
4;ОАО CибТрансФлот;623852, Тверская область, город Солнечногорск, спуск Ладыгина, 23;(812) 934-23-39;maslov.vera@example.org
5;ОАО ГаражЛифтТверь;747174, Кировская область, город Орехово-Зуево, проезд Славы, 27;(495) 032-3932;akulakov@example.net
6;МКК Томск;062569, Воронежская область, город Одинцово, спуск Домодедовская, 82;(495) 658-9142;tfedorov@example.org
7;ООО Компания МоторРыбМетиз-М;564013, Оренбургская область, город Зарайск, бульвар Сталина, 55;(495) 115-8682;lada.ignatev@example.org
8;ОАО МикроФлот;162098, Московская область, город Лотошино, пр. Бухарестская, 81;+7 (922) 899-5813;avgust.savin@example.net
9;ЗАО ТрансЭлектроРыбПроф;393277, Калужская область, город Москва, пл. Ладыгина, 57;+7 (922) 161-9351;kolesnikov.daniil@example.net
10;ООО Компания Тех;104128, Воронежская область, город Солнечногорск, проезд Космонавтов, 69;+7 (922) 387-7773;nina34@example.net
11;ПАО ТяжФлот;593153, Курганская область, город Можайск, шоссе Славы, 91;8-800-269-8373;ananij70@example.org
12;ПАО РемЮпитер;063092, Рязанская область, город Егорьевск, наб. Чехова, 42;8-800-554-8600;nazar.nikiforova@example.com
13;ООО ВекторМикро;857181, Ивановская область, город Раменское, проезд Сталина, 49;(495) 627-9984;valentina44@example.net
14;ЗАО ФинансМикроРыб;483906, Калининградская область, город Домодедово, въезд Гоголя, 86;+7 (922) 320-5180;bespalova.tamara@example.net
15;ПАО Финанс;042597, Кировская область, город Серпухов, наб. Ладыгина, 58;8-800-389-7603;zimina.stepan@example.net
16;ОАО РыбСеверАвто;441716, Новосибирская область, город Луховицы, проезд Славы, 77;(812) 368-59-10;okondratev@example.com
17;МФО ФинансТверьХоз-H;458267, Томская область, город Балашиха, проезд Гоголя, 38;8-800-656-8004;dblohina@example.org
18;ООО ГорМобайлМотор;131161, Тверская область, город Озёры, пер. Ломоносова, 77;+7 (922) 233-8903;stepan.kotov@example.net
19;МКК ГаражЖелДорОбл;233830, Ивановская область, город Шатура, проезд Гагарина, 82;+7 (922) 630-9745;tnoskova@example.org
20;МФО НефтьОмскРечМаш;826902, Тверская область, город Егорьевск, спуск Космонавтов, 31;(812) 114-96-12;tbolsakova@example.net
21;ООО Компания СтройПивРос;077215, Калининградская область, город Ногинск, наб. Балканская, 96;8-800-109-1113;ysafonov@example.net
22;ЗАО ИнфоРадио;196655, Воронежская область, город Озёры, бульвар Будапештсткая, 22;(495) 859-1757;kmolcanov@example.net
23;МФО УралРемКреп;365171, Пензенская область, город Раменское, шоссе Балканская, 36;8-800-358-9357;tatana.gusin@example.net
24;МФО Метиз;732454, Тюменская область, город Подольск, бульвар Будапештсткая, 83;(495) 803-2207;medvedev.veronika@example.com
25;МФО ЛенТяж;551105, Кировская область, город Истра, ул. Косиора, 84;(35222) 03-9968;polina.afanasev@example.net
26;ОАО СофтВосток;093700, Смоленская область, город Ногинск, наб. Ломоносова, 10;(812) 185-04-97;alena.sergeeva@example.com
27;МФО МясСервисАсбоцемент;750384, Иркутская область, город Москва, шоссе Косиора, 39;(35222) 22-2178;nazarov.feliks@example.net
28;ООО Компания БашкирГор;668607, Ивановская область, город Одинцово, пер. Бухарестская, 24;(495) 203-8435;alisa77@example.com
29;МФО ТрансРемОмск;686881, Читинская область, город Пушкино, спуск Сталина, 40;+7 (922) 043-2249;antonin.koselev@example.net
30;МКК МеталСеверМотор;583827, Новгородская область, город Озёры, въезд 1905 года, 79;(495) 224-9322;gtitov@example.net
31;ОАО Cиб;787470, Орловская область, город Ступино, проезд Бухарестская, 55;(812) 521-95-02;gmedvedev@example.com
32;ОАО Софт;582490, Калининградская область, город Талдом, бульвар Ленина, 87;(35222) 89-7870;sysoev.eduard@example.org
33;ОАО НефтьЛенМонтаж;684071, Мурманская область, город Наро-Фоминск, ул. Сталина, 26;8-800-248-6472;xsokolov@example.com
34;ЗАО ЛифтФинанс;749019, Оренбургская область, город Талдом, проезд Косиора, 41;(35222) 55-0874;tamara.sukin@example.net
35;ОАО УралАвтоМикро-H;624834, Курская область, город Видное, шоссе 1905 года, 49;(495) 410-4281;veronika50@example.net
36;ПАО ТверьКазань;974285, Брянская область, город Чехов, спуск 1905 года, 23;8-800-296-0292;raisa.medvedeva@example.net
37;ООО ЛенТверьГараж;253362, Курганская область, город Озёры, наб. Ладыгина, 35;(35222) 16-9981;bdenisova@example.net
38;ООО ЮпитерВостокЮпитерТраст;598652, Калининградская область, город Дорохово, ул. Домодедовская, 10;(812) 729-04-51;panfilov.stanislav@example.org
39;ООО Компания ОмскРем;144672, Мурманская область, город Серебряные Пруды, шоссе Космонавтов, 54;+7 (922) 354-3355;polina91@example.org
40;ООО Компания МонтажМоторСантехПром;359551, Ленинградская область, город Щёлково, пр. Ленина, 34;(35222) 94-8840;borisova.nika@example.org
41;МФО Реч;742009, Калужская область, город Щёлково, пл. Бухарестская, 23;(35222) 40-5392;anfisa.merkusev@example.org
42;ЗАО Каз;015931, Самарская область, город Шатура, въезд Гагарина, 93;(495) 322-1954;konstantinova.spartak@example.com
43;ЗАО ТяжТомск;466432, Смоленская область, город Клин, пер. Косиора, 43;(812) 615-09-28;jponomareva@example.org
44;ПАО АвтоМяс;211786, Калужская область, город Истра, ул. Ленина, 99;+7 (922) 289-7254;dbelozerov@example.net
45;ОАО Каз;941130, Новосибирская область, город Пушкино, пл. Балканская, 15;(495) 792-4322;filatova.zanna@example.org
46;ООО Компания ЖелДорТомскУралПром;299469, Оренбургская область, город Волоколамск, въезд Косиора, 40;(35222) 47-6332;rogov.evgenij@example.org
47;ООО РадиоМобайлЖелДор;498350, Оренбургская область, город Подольск, въезд Домодедовская, 76;(35222) 80-4791;vkrukov@example.net
48;ОАО ВостокУрал;366599, Липецкая область, город Талдом, спуск Гагарина, 73;(35222) 74-9376;morozova.vladimir@example.net
49;МКК Инж;697102, Ленинградская область, город Орехово-Зуево, пл. Гагарина, 66;8-800-813-8521;renata.panov@example.org
50;ООО Компания КазГаз;746752, Тамбовская область, город Сергиев Посад, шоссе Ладыгина, 85;+7 (922) 323-7146;doronina.ulana@example.org
