1;Cinquefoil Geranium;77104,11;255
2;Lloyd's Hedgehog Cactus;18314,45;1102
3;Broadleaf Cattail;76777,62;584
4;Puerto Rico Babyboot Orchid;33170,3;982
5;Browneyes;10652,62;1243
6;Plume Poppy;39661,45;2460
7;Fremon's Bushmallow;37988,27;2851
8;Richweed;27247,77;2750
9;Cooper's Dogweed;55513,71;2766
10;Jones' Blazingstar;48801,74;2313
11;Rockfringe;12033,88;880
12;Doghobble;6726,12;612
13;Heavyfruit Butterfly Orchid;17296,37;1014
14;Resinleaf Brickellbush;97509,71;1154
15;Scott Mountain Bedstraw;54882;1825
16;Coral Erythrina;41478,51;113
17;Sphagnum;71962,66;2199
18;Solidstem Burnet Saxifrage;52873,56;976
19;Arisaema;4034;2339
20;Soft Prairie Clover;49155,69;2787
21;Vetch;89655,73;1939
22;Hill's Thistle;4907,85;2084
23;Mexican Orange;54002,06;777
24;Modoc Bedstraw;26955,81;2423
25;European Gooseberry;23520,99;2207
26;Redheart;26335,14;1238
27;Andrew's Clintonia;85754,27;2116
28;Hybrid Willow;85631,36;2720
29;Spotless Balm;89441,81;91
30;Aztec Goldenbush;43299,8;848
31;Morrito;34338,49;2931
32;Hawai'i Mirrorplant;11234,86;2257
33;Maui Wormwood;86532,53;1306
34;Andean Watermilfoil;22468;594
35;Masonhalea Lichen;54155,23;592
36;Golden Saxifrage;35843,02;2788
37;Sphagnum;38735,68;1167
38;Tall Blazing Star;78190,93;73
39;Rampion Bellflower;50339,51;2515
40;Fraziers Well Buckwheat;9679,37;2680
41;Scaly Dwarf Polypody;1034,53;220
42;Blue Mountain Buckwheat;86245,66;2078
43;Pterostegia;81783,49;302
44;Rakkyo;31461,7;973
45;Orange Lichen;38671,36;870
46;Erect Pricklypear;4285,88;2622
47;Lindenleaf Rosemallow;28868,93;2943
48;Santa Cruz Island Monkeyflower;26392,18;239
49;Anthracothecium Lichen;5789,42;1924
50;Chihuahuan Cinquefoil;51079,14;2674
51;Comarum;70710,35;685
52;Western Poison Ivy;7533,95;639
53;Seagrass;53102,64;2317
54;Ornamental Jewelweed;24960,85;819
55;Tree Destroyer;6536,63;192
56;Hybrid Oak;68759,59;672
57;Marsh's Dutchman's Pipe;48241,48;2841
58;James' Buckwheat;52170,09;16
59;Carleton's Sand Verbena;80173,17;1339
60;Snow Lichen;65447,63;2105
61;Largefruit Amaranth;37193,97;475
62;Lanceleaf Blazing Star;59293,75;1041
63;Lung Lichen;7296,88;2426
64;Navajo Evening Primrose;47153,94;2024
65;Cyanea;97770,14;2252
66;Appalachian Avens;86792,02;2102
67;Catling's Avens;58277,6;210
68;Chia;49871,7;1098
69;Lindheimer Panicgrass;47170,22;402
70;Waxy Mannagrass;46926,83;2203
71;Awnless Beardgrass;79532,59;2368
72;Sycamore Fig;16634,66;1760
73;Fewflower Milkweed;89048,12;2849
74;Fairfield Milkvetch;21117,86;1201
75;Mudwort;66710,76;134
76;Blue Ridge Sedge;9262,87;483
77;Bluehead Gilia;15193,39;605
78;Snakeroot;13214,33;1388
79;Shacklette's Cryptantha;95026,75;2811
80;Gray Gum;80798,96;2579
81;Laxmann's Milkvetch;94040,39;554
82;Bateman's Buckwheat;97061,64;1994
83;Giant Red Indian Paintbrush;8179,98;2031
84;Hoary Skullcap;23678,33;1412
85;Parrot-lily;67145,54;1408
86;Colusa Cryptantha;50827,76;479
87;Simpson's Rosinweed;15716,25;1465
88;Fragrant Clematis;80187,17;840
89;Koolau Range Peperomia;92478,54;2400
90;Redtop Panicgrass;94435,59;2117
91;Scotch Broom;74275,37;572
92;Sand Bluestem;70611,14;1409
93;Creamy Lady's Tresses;66080,71;2877
94;La Purissima Manzanita;8552,08;1240
95;Hirsute Sedge;60080,97;1790
96;Showy Cappel;92726,03;2482
97;Cascade Aster;11405,61;2346
98;Hooker's Orchid;71017,4;902
99;Red Fescue;7043,37;1225
100;Puerto Rico Halberd Fern;90603,09;2712
101;Lesdain's Dust Lichen;3829,05;2338
102;Fernald's Ticktrefoil;49413,69;639
103;Bridgotree;17480,67;530
104;Silverscale Saltbush;53764,35;2338
105;Aster;26193,58;2849
106;Bitterbrush;14265,15;1497
107;Barrel Cactus;7034,76;388
108;Firetree;13380,23;2853
109;Racomitrium Moss;43502,49;2603
110;Pennsylvania Rush;5396,61;2313
111;Wild Custard-apple;66015,57;232
112;Garrett's Saltbush;17100,36;2468
113;Moneywort;93071,38;2540
114;Sea Kale;42620,7;1555
115;Wharton's Dewberry;24746,41;2972
116;Sedge;68678,42;775
117;Thurber's Morning-glory;54015,76;768
118;Bahama Beaksedge;88553,35;1730
119;Simpson's Cupgrass;27846,47;546
120;Basin Cryptantha;91720,23;1314
121;Douglas' Phacelia;28214,53;1931
122;Singapore Graveyard Flower;23913,78;2557
123;Leather Spineflower;85473,36;342
124;Agathosma;12391,62;360
125;Scarlet Keckiella;76772,08;2960
126;Savanna Blazing Star;41266,9;2622
127;Old World Adderstongue;85083,66;154
128;Dwarf Fireweed;18932,81;616
129;Orthotrichum Moss;82076,69;2727
130;Necker's Thamnobryum Moss;7851;703
131;Tree Fern;27255,02;967
132;White Sagebrush;98840,21;2722
133;Froelich's Dung Moss;64005,58;456
134;African-queen;51863,11;2634
135;Bixa;17849,51;2619
136;Savannah False Pimpernel;81000,74;1935
137;Menzies' Spirea;9248,75;1548
138;Globulinella Moss;33683,46;196
139;Darlingplum;45658,22;708
140;Palouse Goldenweed;25302,17;593
141;Howell's Pepperweed;17637,2;754
142;Milkwood;54206,2;1757
143;False Evans' Reindeer Lichen;46336,83;1240
144;Woolly Seablite;87437,88;1924
145;Laceleaf;7931,46;884
146;Chokeberry;12635,07;2466
147;Fleshyfruit Gladecress;93893,68;2380
148;Brewer's Fleabane;20855,07;1208
149;Oilbean Tree;89864;171
150;Script Lichen;96158,4;2113
151;Phaeographina Lichen;8788,37;1634
152;Woody Crinklemat;80312,42;2500
153;Kawa'u;54349,19;2484
154;Jenner's Cynodontium Moss;41670,48;2892
155;Plagiomnium Moss;24787,49;919
156;Clove Phlox;85824,03;2596
157;Bluebead;62124,75;1201
158;Ricegrass;28203,94;2918
159;Intermediate Orange Lichen;38805,67;2670
160;Pig's Ear;66416,56;2952
161;Woodland Rush;36591,96;641
162;Hyssopus;90363,36;979
163;Bog Sedge;86306,6;2003
164;Mountain Pepperweed;54919,98;2918
165;Bluebill;48457,92;1591
166;Miriquidica Lichen;98987,59;1338
167;Blue Mountain Catchfly;47907,11;1427
168;Lichenothelia Lichen;78964,53;2216
169;Hairy Horsebrush;50871,95;1292
170;Cusp Blazing Star;61188,54;108
171;Passionflower;98611,89;1467
172;Allseed;92289,94;695
173;Alkalisink Goldfields;32571,18;195
174;Heppia Lichen;18642,53;2881
175;Bering Sea Dock;82280,52;2688
176;Berenger's Mycobilimbia Lichen;35310,1;2337
177;Custard Orchid;32031,42;254
178;Florida Milkvine;31719,17;975
179;Redflower Currant;22959,18;962
180;Apple Mint;88059,51;1876
181;Nesaea;26711,69;1435
182;Sulphur-flower Buckwheat;34847,05;246
183;Venus' Looking-glass;37343,96;337
184;Horsebush;82896,23;922
185;Loose Silkybent;40843,93;1997
186;Slender Hawthorn;48655,48;1534
187;Tropical White Morning-glory;24919,15;934
188;Water Oak;24946,53;194
189;Tufted Loosestrife;15936,35;202
190;Hollyfern;13597,55;115
191;Tanoak;87761,31;1718
192;Southern Honeysuckle;52222,61;74
193;Densespike Blazing Star;83809,56;1538
194;Arizona Pine;41028,31;804
195;Eastern Redcedar;98870,47;2832
196;Rocky Mountain Polypody;15957,25;917
197;Mountain-ash;45518,81;2185
198;Ophioparma Lichen;48163,28;1186
199;Alpine Springbeauty;61339,15;2613
200;Red Windflower;18051,81;2027
201;Pearl Millet;3050,21;2109
202;Richweed;95566,6;1759
203;Kwahu;74013,02;1827
204;Stephanandra;87485,86;152
205;Siltbush;84453,21;1228
206;Plains Yucca;45578,03;192
207;False Pak Choi;90745,57;203
208;Wild Iris;18070,6;1178
209;Bartlett's Sphagnum;43095,89;255
210;Barbieria;36583,83;1779
211;Mycoporum Lichen;9201,51;2422
212;Florida Yellow-eyed-grass;80478,46;926
213;Mountain Tansymustard;11347,69;1832
214;Argyreia;54027,59;850
215;Ted's Lecidea Lichen;83037,3;1691
216;Gibbens' Beardtongue;2101,31;1131
217;Longflower Evening Primrose;26181,42;1691
218;Gladecress;39295,46;345
219;Sierra Foothill Silverpuffs;31704,98;956
220;False Boneset;78593,31;1068
221;Ratapple;36843,06;201
222;Clustered Goldenweed;70623,49;655
223;Wyoming Besseya;41632,13;2820
224;Western Tansymustard;54514,36;1130
225;Arizona Muhly;6347,6;1518
226;Barnes' Eurhynchium Moss;18102,21;1847
227;Bateman's Buckwheat;89625,08;1720
228;Wright's Spiderwort;15321,34;905
229;Florida Beard Lichen;59099,9;1500
230;Carruthers' Falseface;45200,16;2226
231;Alpine Catchfly;42156,79;589
232;Carbonea Lichen;95358,16;1554
233;Little Millet;26259,11;1056
234;To-tsubaki;58297,05;2047
235;Hawthorn;98233,25;2178
236;Rock Hedgenettle;65226,65;1876
237;Megaspora Lichen;54727,86;1230
238;Canyon Liveforever;52673,3;2249
239;Amygdalaria Lichen;11597,19;1050
240;Tallul Campylopus Moss;86906,58;1245
241;Hollyleaf Gilia;1262,64;606
242;Constance's Rockcress;59678,47;1288
243;Santa Cruz Island Winged Rockcress;13376,24;2806
244;Grannyvine;22529,92;2324
245;Thymeleaf Mock Orange;47732,68;363
246;Pacific Fawnlily;91162,29;657
247;West Indian Satinwood;14959,35;234
248;Cockroachplant;89546,14;2351
249;Keyflower;87873,25;1467
250;Hawai'i Blue-eyed Grass;61660,87;1234
251;Linearleaf Cyanea;74539,38;2457
252;Mousetail;89180,35;1065
253;Rincon Manzanita;34448,75;477
254;Pitahaya;45363,43;2938
255;California Buckthorn;58493,83;2698
256;Hairy Fleabane;90040,41;870
257;Chilean Needlegrass;36305,83;2811
258;Eastern Poison Ivy;93284,78;2640
259;Blackmat Splashzone Moss;31534,58;2635
260;Newfoundland Aster;97611,3;2698
261;Grand Devil's-claws;74747,3;1237
262;Fineleaf Noseburn;56323,6;730
263;Idaho Fleabane;24388,7;1365
264;Dwarf Morning-glory;46602,83;542
265;Southern Globethistle;29125,25;2190
266;Shoreline Seapurslane;71986,38;2233
267;Dactylospora Lichen;79882,79;1993
268;Foxtail Pine;64938,17;1290
269;Yellow Pincushion;98032,6;2971
270;Slimbristle Sandbur;10896,29;36
271;Scoliciosporum Lichen;50254,68;574
272;Cuban Tree Destroyer;43321,62;91
273;Orange Lichen;60370,67;1909
274;Nevada Cracked Lichen;43005,12;2706
275;Hybrid Oak;55297,51;391
276;Greater Water Dock;87083,31;1454
277;Ashgray Indian Paintbrush;5795,96;2524
278;Arabian Coffee;52033,6;392
279;Spanish Bayonet;96106,62;1767
280;Japanese Clover;33690,16;2456
281;High Plains Goldenrod;8275,84;1426
282;Dotted Orchid;6021,76;30
283;Rosette Lichen;23529,69;2800
284;Spiked Crested Coralroot;79897,38;671
285;Jelly Lichen;89933,25;430
286;Jackson False Foxglove;44030,48;2465
287;Lemmon's Catchfly;62011,95;269
288;Texas Western Daisy;31529,94;2110
289;Featherbells;69696,74;1154
290;Multibloom Hoarypea;98488,55;74
291;Waioli Valley Rollandia;14573,33;2105
292;Crowfoot Rockdaisy;89684,14;1849
293;Fremont County Twinpod;17491,09;2718
294;Pencilflower;69353,3;2620
295;Chinese Caps;50759,95;1680
296;Gilman's Evening Primrose;90901,96;2126
297;Globeflower;13937,27;1869
298;False Goldeneye;17003,83;534
299;Clustertree;84052,48;2555
300;O'kennon's Hawthorn;50049,21;816
301;Smooth Pricklypoppy;49649,68;2372
302;Swamp Wedgescale;63525,09;1688
303;Polargrass;98600,72;1092
304;Indian Canyon Twinpod;33041,33;570
305;Townsend Daisy;63312,31;2859
306;Ballhead Sandwort;75665,72;1119
307;Santa Monica Rinodina Lichen;78703,64;1782
308;Bignay;19132,25;2076
309;Great Basin Popcornflower;83131,44;1505
310;Pseudostellaria;70740,62;2481
311;Needleroot Airplant Orchid;79185,71;378
312;Dwarf Beardtongue;80044,03;734
313;African Rosemallow;65654,94;454
314;Mangrove;24567,13;1194
315;Youth On Age;91173,61;1151
316;Lemonyellow False Goldenaster;49337,3;1011
317;Mona Island Thoroughwort;26781,03;1611
318;Early Sandgrass;29202,31;2978
319;Roundfruit Sedge;26926;185
320;Frogbit Buttercup;13704,09;1317
321;Carr's Bittercress;62978,79;258
322;Sierra Rush;97878,42;1874
323;Grand Canyon Blazingstar;21991,21;430
324;Black Grama;92111,9;743
325;Dunn's Mariposa Lily;33756,91;2369
326;Barbasco;21958,48;1971
327;Fringed Pink;22209,4;17
328;Tall Jointweed;59930,36;223
329;Green Fly Orchid;16960,88;2132
330;Bruneau Mariposa Lily;34822,24;764
331;Lemmon's Linanthus;47279,77;2242
332;Hybrid Violet;77554,14;1412
333;Heartleaf Twayblade;57073,24;814
334;Puerto Rico Manac;26598,71;61
335;Prairie Phacelia;58049,8;2728
336;Bee Wattle;51540,86;1105
337;Goosefoot Violet;21843,05;2296
338;Western Grasswort;4431,57;667
339;Thistle;6881,82;819
340;Southern Honeysuckle;72605,12;1647
341;Chinaberrytree;2303,19;2496
342;Reader's Physcomitrella Moss;37811,47;1386
343;Columbia Gorge Rockcress;55308,68;2625
344;Chalice Lichen;78185,86;1098
345;Rascagarganta;11883,12;1857
346;Spearleaf Swampmallow;62482,92;296
347;Smooth Bogrush;37206,22;1804
348;Tuolumne Fawnlily;53441,42;1814
349;Waianae Range Starviolet;98747,05;80
350;Western Necklacepod;21489,42;351
351;Anzia Lichen;39033,5;677
352;Marsh Saltbush;24547,74;2758
353;Schismatomma Lichen;89114,41;1408
354;Longstalk Phacelia;50484,57;1349
355;Cup Lichen;10365,57;233
356;Maclura;90969,02;210
357;Southern Cutgrass;6315,43;566
358;Acaulon Moss;782,9;405
359;Gray's Prairie Clover;45877,12;165
360;Red Buckeye;46797,95;2671
361;Wishbone-bush;23011,48;636
362;Katherine-wheel;84584,77;2645
363;Obliqueseeded Jackbean;51357,69;2827
364;Silvery Everlasting;10501,86;1105
365;Virola;72017,46;2331
366;Hoarypea;43912,81;2185
367;Fairywand;87960,08;462
368;Purplemat;89250,41;2912
369;Queen Palm;33820,62;1989
370;Berlandier's Fiddlewood;98007,2;576
371;Lookout Mountain Blackberry;79280,87;1089
372;Navel Lichen;64562,92;2218
373;Atlantic Goldenrod;49504,54;1995
374;Lesser Butter And Eggs;25558,81;1552
375;Broadleaf Groundcherry;97624,85;1047
376;Muskflower;40955,81;2800
377;Pitcherplant;19652,92;2459
378;Mamani;95078,69;2290
379;Sticky Fagonbush;63623,14;1006
380;Mendocino Coast Indian Paintbrush;5532,11;1011
381;Illosporium Lichen;28046,16;1466
382;Tropical Mexican Clover;61009,23;1933
383;Puffcalyx Gilia;39467,63;2712
384;Spiderwort;63458,04;853
385;Beefsteakplant;3660,53;1592
386;Seaside Kirschsteiniothelia Lichen;12609,68;16
387;Elliott's Croton;37999,14;2586
388;Ballhead Sandwort;80218,89;1127
389;Small Limestone Moss;26038;812
390;Everglade Key Sandmat;61908,59;2035
391;Indian Mallow;8482,2;2706
392;Spiderflower;95782,06;268
393;Blue Mountain Buckwheat;43863,24;1902
394;Tall Bluebells;54639,35;1487
395;American Globeflower;20789,18;2532
396;Ambiguous Ditrichum Moss;33754,98;2614
397;Ramtilla;35954,95;349
398;Scots Pine;5523,19;2795
399;Dwarf Phlox;95058,32;524
400;Fringed Cottongrass;35945,35;2135
401;Ditrichum Moss;16996,28;1898
402;Rock Sedge;39546,75;290
403;Crosby's Buckwheat;36046;646
404;Flowers' Rim Lichen;37589,6;369
405;Smith's Buckthorn;78735,18;2938
406;Dubakella Mountain Buckwheat;4982,74;1687
407;Foothill Flatsedge;55077,2;559
408;Seaside Ragwort;4508,88;965
409;Mojave Pricklypoppy;5008,83;1857
410;Bodin's Milkvetch;9093,71;2036
411;Payson's Draba;17135,66;2650
412;Larchleaf Beardtongue;26509,68;2995
413;Clermontia;24251,66;1709
414;Sutherland Hawthorn;39652,66;939
415;Sebastopol Meadowfoam;31121,59;1332
416;Carolina Wild Petunia;63462,33;297
417;Common Pearlbrush;28769,42;1153
418;Pyrenocollema Lichen;78373,57;1756
419;Roughglume Bushy Bluestem;63591,23;1006
420;Craters Of The Moon Cushion Buckwheat;18701,99;1088
421;Fremont's Geranium;86225,61;762
422;Sulphur-flower Buckwheat;81776,26;184
423;Amador County Vervain;50975,21;107
424;Thicket Panicgrass;57391,78;2022
425;American Stickseed;885,38;1106
426;Sensitive Partridge Pea;55847,59;1995
427;Woodland Stonecrop;51853,31;1100
428;Pohil's Milkvetch;33149,91;2287
429;Coastal Goldfields;43486,76;20
430;Phacelia;58616,14;1923
431;Greenflower Indian Mallow;27131,58;11
432;Reussia;6343,51;2982
433;Spring Gooseberry;57271,62;900
434;Squirreltail;70223;2415
435;Rolland's Bulrush;95198,77;2837
436;Locust;466,09;1486
437;Neon's Orange Lichen;44211,86;110
438;Golden Larch;6730,42;2321
439;Coastal Ragweed;11141,36;2590
440;Mountain Spurge;25914,15;698
441;Plummer's Clover;86830,35;2378
442;Featherplume;11535,7;2418
443;Arctic Lupine;26363,84;305
444;Laurustinus;22006,78;1327
445;Fava Bean;87387,72;2915
446;Santa Barbara Milkvetch;64445,96;2580
447;Chee Reedgrass;85952,96;602
448;Arctoparmelia Lichen;89938,26;578
449;Kapoktree;40339,35;465
450;Hopea;96501,23;235
451;Whitehair Rosette Grass;27523,28;57
452;Orange Lichen;50701,59;1193
453;Eschscholtz's Buttercup;11745,3;2365
454;Roundhead Rush;2528,67;2939
455;Woodrush Sedge;29304,2;999
456;Rainbow Iris;91984,38;1574
457;Blistered Naval Lichen;97405,81;2709
458;Yellow-horn;35266,85;1658
459;Scribner's Grass;11330,75;1437
460;Ragleaf Bahia;98149,92;2319
461;Johnny-nip;87675,83;2185
462;Goatsbeard;45058,11;1914
463;Del Norte Pea;39627,72;1858
464;Chamisso's Willow;31011,4;1152
465;Papyrus;60065,83;2781
466;Blackhaw;44664,46;2787
467;Common Tansy;73795,35;1101
468;Island Bushmint;34738,58;2316
469;Yerba De Culebra;11323,55;909
470;Cooper's Popcornflower;40723,03;1217
471;Herbst's Sedge;25658,1;1953
472;Miner's Lettuce;79493,48;2849
473;Longbeak Rattlebox;14607,2;1916
474;Tenerife White Marguerite;56630,05;1276
475;Smooth Teatree;54274,93;2145
476;Red Dahlia;74382,62;1934
477;Coscinodon Moss;73922,53;1920
478;Black Psorotichia Lichen;39411,18;460
479;Yellow Larkspur;61663,51;1414
480;Cutler's Jointfir;81492,27;667
481;Waianae Range Delissea;95302,51;32
482;Passionflower;68184,33;2374
483;Western Meadow-rue;54454,24;1239
484;Chestnut;1704,03;1849
485;Hornschuch's Molendoa Moss;47329,94;2537
486;Aster;68215,21;1394
487;Fall Dandelion;68485,83;962
488;Pomona Milkvetch;72281,93;1701
489;Asterothyrium Lichen;6250,03;1241
490;Ulota Moss;43604,07;28
491;Dwarf False Pennyroyal;12001,39;1079
492;Greenland Buttercup;81519,95;106
493;Red Dock;37008,1;613
494;Sixangle Spurge;26828,12;660
495;Lecidea Lichen;2676,91;2969
496;Fivefingers;2091,14;107
497;White Mountain Saxifrage;34869,82;1947
498;Arnold's Silverskin Lichen;37335,42;1849
499;Narrowfruit Braya;86148,39;1473
500;Buell Park Phacelia;24805,76;379
501;Tetraphis Moss;21392,75;1182
502;Pride Of India;73884,21;2212
503;Primrose Peerless;82192,68;2253
504;Vriesea;24034,99;646
505;Rock Fumewort;46465,16;594
506;Texas Beeblossom;21737,9;2440
507;Florida Pygmypipes;13579,87;2987
508;Obscure Buttercup;27383,62;1457
509;American Strigula Lichen;80099,57;2530
510;Gate Canyon Buckwheat;74953,96;429
511;Fernleaf Yarrow;50902;2113
512;Payson's Sedge;31763,78;1424
513;Luquillo Mountain Stopper;9261,65;1762
514;Linanthus;23109,02;2550
515;Heckner's Lewisia;65672,52;1808
516;Argentine Fingergrass;15362,86;2102
517;Howell's Dicranum Moss;50804,36;1336
518;Eggleaf Coraldrops;98477,32;1100
519;Mooncactus;19141,4;2049
520;Hillia;46298,18;2666
521;Smallpetal Cinquefoil;46962,09;262
522;Dwarf Butterfly Orchid;66076,23;44
523;Bulbous Canarygrass;35771,95;2594
524;Smooth Draba;89499,12;2159
525;Broadfruit Bur-reed;27207,89;1423
526;Clustered Popcornflower;62118,41;1401
527;Paper Birch;63103,45;1515
528;Chinese Raspwort;93275,27;2322
529;'aiakanene;78038,11;270
530;Pincushion Beardtongue;66443,16;2431
531;Grimmia Dry Rock Moss;56326,2;1931
532;David's Spurge;98590,76;602
533;Alpine Bedstraw;85883,9;109
534;Longbeard Mariposa Lily;12794,78;1131
535;Barren Willow;23956,89;1051
536;Cretan Brake;25974,71;2522
537;Jerusalem Thorn;77742,91;1577
538;Rock Dandelion;22074,91;1428
539;Palailaulii;14676,72;962
540;Pygmy Cyrto-hypnum Moss;39172,96;1147
541;Purple Poppymallow;71947,28;1291
542;Kidney Lichen;79139,25;1815
543;Indigoberry;80562,59;381
544;Parmotrema Lichen;12017,09;1253
545;Funtumia;83873,35;933
546;Mycoporum Lichen;61990,45;2825
547;Perennial Cornflower;33337,89;342
548;Caribbean Spiritweed;84397,85;1322
549;African Breadfruit;50899,37;2629
550;Stemless Beardtongue;98293,09;1933
551;Shade Phacelia;41687,45;1287
552;Maleberry;66810,08;1987
553;Resurrection Fern;12249,79;1672
554;Greater Purple Fringed Orchid;77383,88;689
555;Lemonscented Madia;14107,59;1627
556;Western Cowbane;13478,14;1939
557;Alpine False Goldenaster;93677,98;390
558;Crisped Mock Vervain;67761,98;1498
559;Bearbrush;29437,99;2527
560;Turion Duckweed;20604,79;578
561;Floating Balsamo;8438,85;378
562;Slender Centaury;41813,32;1305
563;Hairy Muhly;59243,71;2968
564;Creeping Strapfern;58190,65;1094
565;Moonvine;96646,42;2771
566;Maui Reedgrass;64186,73;1473
567;Tepic Flameflower;45329,01;1517
568;Bulblet-bearing Water Hemlock;62354,06;2414
569;Columbia Brome;5956,94;2462
570;Manzanita;95229,31;705
571;Perennial Teosinte;45900,17;2540
572;California Bentgrass;45496,85;2843
573;Whitestem Pondweed;62968,84;990
574;White Rosemallow;21162,19;2956
575;Lady's Tresses;7672,99;1413
576;Spelt;65864,14;2371
577;Spring Lady's Tresses;52103,86;616
578;Tidestrom's Beardtongue;4523,77;1619
579;Virola;24439,73;748
580;Withe;26909,45;2006
581;Western Greenviolet;25379,06;1935
582;Virginia Bunchflower;88192,66;1250
583;Hammock Sedge;50281,43;590
584;Birdcage Evening Primrose;21388,27;1693
585;Bog White Violet;35150,76;1913
586;Khakiweed;91970,96;2356
587;Garden Yellowrocket;30430,53;2661
588;Rock-lily;80391,52;2919
589;Bartramia Moss;61124,27;521
590;Salty Buckwheat;85834,07;2457
591;Kanawao;5571,51;583
592;Yellow Pond-lily;76364,06;561
593;Woodland Dewberry;73094,03;2293
594;Prickless Dewberry;57812,18;2616
595;Clammy Clover;9455,22;980
596;Javelina Bush;59725,09;1715
597;Mexican Hemlockparsley;71802,36;579
598;Parmotrema Lichen;50693,6;881
599;Carter's Flax;86149;73
600;Smooth Hawksbeard;18559,98;106
601;Alyssumleaf Phlox;84430,19;2528
602;Verity's Liveforever;54144,66;2073
603;Pink Cudweed;48375,91;1195
604;Phaeorrhiza Lichen;3728,67;522
605;Drummond's Hedgenettle;84895,2;202
606;Dugway Buckwheat;50151,34;244
607;'ilihia;45465,97;2159
608;Strawberry-pear;74905,57;136
609;Fiveneedle Pricklyleaf;52824,76;2656
610;Eastwood's Goldenbush;14803,77;843
611;Sendtner's Polyplastia Lichen;61304,97;1231
612;Perfumed Passionflower;89912,68;1963
613;Lady's-mantle;78048,31;1641
614;Tropidocarpum;76490,59;2370
615;Sweet Breath Of Spring;34276,75;1090
616;Hairless Popcornflower;26451,53;492
617;Hypnum Moss;28077,1;817
618;Himalayan Musk Rose;20150,48;2696
619;Myriotrema Lichen;38850,91;2574
620;Water Dawnflower;39583,16;2932
621;Cracked Lichen;63649,22;245
622;Mammee Apple;41784,44;1731
623;Grassleaf Pepperweed;4196,04;1321
624;Arizonia Dry Rock Moss;11832,02;2495
625;Dwarf Hackberry;43654,24;740
626;Coccocarpia Lichen;57718,99;1080
627;Green Sprangletop;43488,33;1391
628;Frogwood;34171,83;2191
629;Arizona Ipomopsis;68466,71;1601
630;Southern Bayberry;60569,08;420
631;Unarmed Buckwheat;33391,42;1016
632;Menzies' Ballart;34024,01;2247
633;Heller's Bird's-beak;64982,61;2810
634;European Centaury;92111,21;1531
635;Trans-pecos Croton;6233,08;524
636;Meadow Pea;15616,82;2062
637;Blackeyed Pea;94312,37;703
638;Parish's Bluecurls;54723,02;1197
639;Western Featherbells;50407,76;1509
640;Baker's Lupine;53717,45;402
641;Pelos Del Diablo;7280,36;2296
642;Fort Wingate Milkvetch;93816,34;849
643;Riverweed;28078,92;773
644;Willow Ragwort;96245,35;1826
645;Gold-dust Acacia;21341,91;2724
646;Embelia;87973,97;91
647;Meadow Garlic;67551,16;762
648;Pore Lichen;93823,15;954
649;San Mateo Thorn-mint;49104,84;1934
650;Safflower;80972,85;50
651;Pyrenopsis Lichen;43811,57;1219
652;Vermejo Phlox;59546,95;2799
653;Bouncingbet;86352,11;1343
654;Mound Phlox;176,18;2837
655;Cold Stigmidium Lichen;71868,53;931
656;Spikerush;47702,06;266
657;Woodvamp;4216,03;285
658;Wheat;86128,38;1406
659;Purple Crab Apple;49430,81;2659
660;Southern Mountainmint;72219,92;1846
661;Luquillo Mountain Guava;33863,84;1636
662;Yakima Milkvetch;27411,96;2477
663;Strophanthus;26123,61;1141
664;Gregg's Cloak Fern;13908,24;1872
665;White Sagebrush;97400,13;910
666;Hairy Beardtongue;52844,53;2028
667;Threeleaf Halberd Fern;81310,4;2276
668;Marsdenia;57328,02;168
669;Nevada City Buckwheat;47652,03;2838
670;Figleaf Gourd;4980,01;896
671;Oblongfruit Serviceberry;36604,09;325
672;Savannah-panicgrass;39031,38;207
673;California Rockjasmine;37325,07;180
674;Syngonanthus;5,45;236
675;Punaluu Rosemallow;67134,54;1764
676;Harris' Goldenrod;55178,89;237
677;Devilthorn;93668,33;806
678;Limahuli Cyrtandra;60523,34;376
679;Shortfruit Spikerush;64408,25;2305
680;Autumn Coralroot;14216,59;351
681;Orcutt's Threeawn;41568,72;651
682;Fuchsia Bush;43482,3;1675
683;Purple Needlegrass;47148,38;2668
684;Plumed Rockcap Fern;71558,9;2056
685;Dill Daisy;42142,16;928
686;White Eucalyptus;63859,37;1055
687;Rockmustard;84197,36;173
688;Bristle Fern;80007,91;253
689;Fewflower Clover;40753,66;151
690;Lecidea Lichen;6031,67;2760
691;Giant Woollystar;36375,57;2754
692;Nutzotin Milkvetch;8672,67;2425
693;Angled Paludella Moss;4873,9;785
694;Alaska Grass Of Parnassus;46965,45;2603
695;Veiny Monardella;89914,52;2302
696;Chalk Hill Hymenopappus;93472,53;2999
697;Wright's Silktassel;12745,16;2507
698;Egyptian Marjoram;80552,07;2606
699;Okra;21252,67;2489
700;Santa Lucia Lupine;22058,8;736
701;Marsh Violet;35041,42;237
702;Red Cyphomeris;52746,99;1372
703;Menzies' Campion;51216,46;1345
704;Azores Forget-me-not;23284,47;2991
705;Floatingheart;70387,65;2694
706;Goldeneye Phlox;69576,99;398
707;Kral's Sedge;43653,47;2554
708;Arecastrum Palm;35031,24;2765
709;Little Parish's Needlegrass;31766,45;456
710;Marsh Parsley;31532,92;2589
711;Ruggedleaf Schlotheimia Moss;40111,22;2647
712;Dot Lichen;31196,95;1328
713;Musk Rose;68571,73;1544
714;Catalina Nightshade;98870,15;575
715;Rocky Mountain Stickweed;9756,14;1437
716;Rimmed Lichen;57620,98;1884
717;Tusayan Fameflower;75580,43;10
718;Bog Birch;88858,26;353
719;Pacific Stonecrop;6665,63;768
720;Fringed Bluestar;67545,45;815
721;Yellow Rabbitbrush;44878,25;217
722;Moss Rush;34913,69;2921
723;Bloodroot;98579,66;1084
724;Jumping Cholla;65213,43;2185
725;Laurustinus;42743,91;1119
726;Asterophoma Lichen;67685,91;1928
727;St. Augustine Grass;5007;1164
728;Forest Climbing Bamboo;68109,61;2918
729;Turner's Hawthorn;84129;967
730;Yellow Guinea Yam;31512,24;961
731;California Ash;38879,43;2235
732;Awl-leaf Wattle;83572,42;2764
733;Purple Pitcherplant;7058,57;1722
734;Sand Bittercress;53804,48;1442
735;Dwarf Sundew;21088,67;1929
736;Thurber's Sandpaper Plant;71576,7;1779
737;Crimson Bluestem;13439,53;747
738;Bigelow's Onion;35094,2;1710
739;Whitehair Goldenrod;60523,08;458
740;Xanthoparmelia Lichen;82180,45;2210
741;Big Bend Woodyaster;22439,11;262
742;False Brittlegrass;22122,22;366
743;Condensed Snow Lichen;39458,19;112
744;Velvet Bean;24772,28;997
745;Narrowleaf Bluecurls;38922,33;2636
746;Anthony Peak Lupine;96864,98;1757
747;White Prairie Clover;68833,77;144
748;Kosrae Syzygium;5922,53;1658
749;Pseudanamomis;28104,85;2557
750;Rosebud Orchid;8558,72;2584
751;Clasping Pepperweed;6910,63;6
752;Broom Teatree;29745,37;947
753;California Melicgrass;49053,67;2116
754;Northern Groundsel;45443,39;2088
755;Pitcherplant;83106,59;33
756;Hybrid Oak;34323,58;1643
757;Alaska Draba;19064,59;951
758;Three-hulled Rush;41254,41;2063
759;Burrweed;39504,97;2666
760;Cusick's Lupine;55888,56;495
761;Sierra Bladdernut;26320,91;2706
762;Arctic Stitchwort;35316;1938
763;Turkeypeas;19819,05;1735
764;Yellow Buckeye;94355,46;18
765;Wood Lily;19381,76;570
766;Twoleaf Beardtongue;13421,21;816
767;Monkeyflower;83760,36;781
768;Patterson's Bluegrass;93620,13;1615
769;Matted Lichen;42475,85;2642
770;Chaff Flower;83342,75;417
771;Tharp Oak;83584,35;964
772;Slender Indiangrass;68912,24;2927
773;San Antoinio Canyon Bedstraw;9847,95;1869
774;Catchbirdtree;94432,09;1820
775;Blue Mountainheath;60677,91;2602
776;Cracked Lichen;56717,19;1534
777;Sicilian Sumac;77940,14;23
778;Glory Wattle;64939,7;1237
779;Lecania Lichen;10873,41;179
780;European Aspen;23859,66;1289
781;Arrow Bamboo;48857,4;952
782;Texas Barometer Bush;5584,57;890
783;Alpine Milkvetch;35304,28;1982
784;Compact Dodder;17120,5;1359
785;Lewis' Clarkia;33856,05;2042
786;Link's Maiden Fern;54600,2;504
787;Salac Palm;66276,23;187
788;Urban's Beggartick;57463,13;1876
789;Cumin;24723,41;1998
790;Polyscias;49238,41;2305
791;Nevada Bird's-foot Trefoil;53781,54;2943
792;Sheldon's Milkvetch;28818,07;875
793;Wahatoya Creek Larkspur;47807,17;736
794;Goldencrest;78112,53;2902
795;Nuttall's Meadowbeauty;69440,94;55
796;Wavyleaf Thelypody;61356,49;1534
797;Spotted Stickseed;18711,98;1785
798;Whitestem Gooseberry;67177,9;1246
799;Schaerer's Psorotichia Lichen;30574,39;2840
800;Parry's Geranium;81972,16;1083
801;Serendipity Berry;16480,66;969
802;Heartleaf Madeiravine;47159,17;1736
803;Sierra Nakedwood;49336,86;714
804;Chino Grama;85848,06;2673
805;Cold Brachythecium Moss;12639,19;1628
806;Zebraplant;32520,99;35
807;Great Blue Lobelia;59048,77;1298
808;Tennessee Pondweed;43278,09;719
809;Alpine Gentian;74341,62;1421
810;Short's Aster;31179,7;994
811;Douglas Aster;15377,28;1194
812;Clasping Jewelflower;71460,4;2061
813;Coahuila Frasera;53671,24;2909
814;Albahaca;74495,36;213
815;Coastal Pricklypear;89866,85;590
816;Georgia Rockcress;1452,06;1861
817;Peru Roccella Lichen;30144,28;1871
818;Pyrrhospora Lichen;79818,69;1402
819;Juniper Wattle;31770,6;413
820;Prairie Rosinweed;85534,23;1716
821;Zigzag Iris;31784,96;2273
822;Pachycereus;33331,07;2258
823;Globe Springparsley;59687,39;898
824;Vriesea;3671,11;2067
825;Pretty Sneezeweed;98440,06;2263
826;Crinkleawn Fescue;8904,22;1510
827;Mimetanthe;61638,71;1811
828;Shasta Buckwheat;89043,42;441
829;Cliffbrake;23700,73;541
830;Makaleha Pritchardia;21087,04;2071
831;Spurge;7267,51;1478
832;Summer Holly;50092,45;2401
833;Northern False Coolwort;34302,64;1595
834;Newton's Larkspur;54793,67;207
835;Yellow Marsh Marigold;84317,37;2709
836;Coastal Plain Balm;8865,24;2518
837;Blue Ridge Sedge;59630,76;790
838;Baldwin's Eryngo;35583,66;2137
839;Taylor's Filmy Fern;13881,67;322
840;Curcuma;19322,88;176
841;Entireleaved Thelypody;98801,22;2129
842;Foxtail Pine;43748,02;465
843;Payette Beardtongue;85954,14;1443
844;New England Bryhnia Moss;52302,41;2042
845;Spreadwing;683,88;2436
846;Balloon Vine;68152,9;1923
847;Cahaba Daisy Fleabane;14356,37;2710
848;Javanese Flatsedge;26087,84;718
849;Sicklepod Rockcress;72582,52;757
850;Reverchon's Palafox;92639,46;382
851;James' Buckwheat;55486,22;597
852;Chaffhead;92130,29;414
853;Elaeocarpus;10333,39;821
854;Whisperingbells;67047,63;2500
855;Kauai Island-aster;84591,17;1980
856;Littleflower Alumroot;2101,55;2756
857;Peck's Milkvetch;64001,26;2363
858;Claybank Beaksedge;66999,2;451
859;Broadleaf Lupine;54739,95;2963
860;Pearly Globe Amaranth;44523,68;1582
861;Incense Cedar;33938,02;277
862;Cajeput Tree;38101,98;446
863;Lean Flatsedge;53614,74;988
864;Pseuderanthemum;89631,14;2759
865;French Hydrangea;44420,27;1711
866;Rim Lichen;85722,03;435
867;Royal Snoutbean;5166,97;836
868;Branched Porterweed;54963,25;622
869;Tulip Pricklypear;75304,11;1200
870;Brownturbans;16004,27;1366
871;Mcnab's Cypress;52568,22;1102
872;Sundew;76047,71;2730
873;Northern Buttercup;55500,33;2676
874;Bryum Moss;94425,05;2851
875;Slender Yelloweyed Grass;76188,73;2706
876;Carline Thistle;19651,34;1618
877;James' Cryptantha;84653,46;1499
878;Bitter Root Draba;21747,71;1925
879;Whitehead Navarretia;51050,65;456
880;California Spikenard;56524,23;213
881;Deam's Threeseed Mercury;67047,32;1200
882;Bodin's Milkvetch;89082;1763
883;Southwestern Pricklypoppy;42813,84;2234
884;Scribner Needlegrass;64656,3;1695
885;Kelsey's Phlox;60385,28;2914
886;Yellowflower Tarweed;77327,46;2286
887;Small-leaf Globemallow;95565,71;1086
888;Texas Barometer Bush;44261,65;2914
889;Spring Blue Eyed Mary;55366,99;863
890;Virginia Pinweed;80498,66;2614
891;Calcareous Zahlbrucknerella Lichen;36291,3;2756
892;Ashy Pipewort;12455,4;1152
893;Plains Milkweed;42597,4;2068
894;White Ash;32562,23;338
895;Poison Hemlock;27116,26;909
896;Foxtail Sedge;818,94;1177
897;Mealy Lichen;59529,55;1283
898;Knight's-spur;35575,66;2345
899;Harlequin Monkeyflower;98867,32;1589
900;Roemer's Spurge;56283,17;891
901;Fernleaf Goldthread;66926,17;1688
902;Early Azalea;71445,75;1295
903;Purple Bushbean;5651,61;395
904;Wedgeleaf Spurge;89560,83;2872
905;Arizona Phacelia;59155,66;142
906;Golden Tiara Clematis;41654,23;2567
907;Blazing Star;34437,7;1518
908;Spotted Goldenthistle;14795,91;499
909;Brachythecium Moss;1096,04;875
910;Turpentine Wavewing;4111,39;2288
911;Datura;32282,64;2748
912;Carolina Buckthorn;13970,79;583
913;Gulf Cockspur Grass;26126,62;1504
914;Neofuscelia Lichen;36354,2;934
915;Needle Blue-eyed Grass;57895,48;984
916;Dillenia;58538,56;2379
917;Ashland's Lupine;60198,03;504
918;Sierra Rush;20726,22;411
919;Vinagre;14527,05;2498
920;Fewflower Milkweed;12828,11;1717
921;Red Hawksbeard;93889,86;1598
922;Nuttall's Povertyweed;40741,59;1264
923;White Sagebrush;15559,56;2163
924;Winged Peperomia;82827,11;2437
925;Longspur Lupine;88039,49;2368
926;Island Goldback Fern;1353,04;1990
927;Orange Lichen;14755,32;1203
928;Beard Lichen;31064,15;1194
929;Red Spiderling;2932,67;1819
930;Bristle Berry;52169,83;1438
931;Chinese Hackberry;43161,75;2493
932;Bog Clermontia;64557,94;2904
933;Nevada Suncup;25358,89;2124
934;Redleaf Rose;39613,57;225
935;Rainier Pleated Gentian;55554,74;894
936;Jamaican Fanpetals;60701,99;995
937;Fort Sheridan Hawthorn;17341,26;2816
938;Rock Harlequin;58603,38;1511
939;Fewflower Beaksedge;18052,3;1788
940;Fringed Spineflower;78482,76;985
941;Achicoria Azul;87741,23;1174
942;Rush;22,96;1463
943;Lecidella Lichen;41290,87;2522
944;Clamshell Orchid;10897,35;654
945;Spiral Sorrel;67991,77;253
946;Sandreed;78519,06;1431
947;Egyptian Clover;82987,96;120
948;Fringed Thistle;63861,76;2935
949;Zwackhiomyces Lichen;28048,83;971
950;Mottled Spurge;34122,48;2707
951;Canelo Lady's Tresses;84709,45;571
952;Rustyhair Saxifrage;38771,02;2872
953;Pterygiopsis Lichen;3633,21;2745
954;Burke's Baeria;77283,56;1972
955;Blackstem Spleenwort;34945,36;1124
956;Surefoot Buttercup;3766,94;1603
957;Strawberryleaf Cinquefoil;54585,17;319
958;Lemmon's Hollyfern;4021,46;1396
959;Sierra Currant;31974,31;2402
960;Moonah;88750,26;888
961;Youth On Age;36933,49;1832
962;Broom-like Ragwort;28579,71;1709
963;Perforated Parmotrema Lichen;72660,96;1297
964;Golden Chaetopappa;1884,69;822
965;Thunberg's Amaranthus;41864,61;1872
966;Airplant;26177,04;2303
967;Santa Catalina Prairie Clover;22826,91;2268
968;New Mexico Groundsel;13880,85;2697
969;Red Hempnettle;66327,59;1671
970;Capitan Mountains Alumroot;7533,72;1264
971;Desert Ceanothus;70427,09;552
972;Rimmed Lichen;56264,85;684
973;Low Woodland Sedge;71202,24;2289
974;Selfheal;40177,96;2191
975;False Leopardbane;57857,92;2488
976;Tall Buckwheat;85996,33;901
977;Trumpetweed;74388,61;1928
978;Eastern Blue-eyed Grass;30834,43;497
979;Rocky Mountain Elder;75837,12;1180
980;Sea Wormwood;31389,38;921
981;Custard Apple;95819,17;2553
982;Trachycystis Moss;31591,6;1237
983;Ropevine Clematis;75970,92;869
984;Koi;28079,53;776
985;Cracked Lichen;70869;1275
986;Ravenel's Cup Lichen;40076,61;453
987;Rimmed Navel Lichen;12612,43;1929
988;Glandular Yellow Phacelia;22188,12;649
989;Indian Spurgetree;67959,1;713
990;Flowering Almond;18042,08;490
991;Bastard Oak;56907,49;906
992;Phaeospora;27806,27;1340
993;Obtuseleaf Fissidens Moss;82962,42;2252
994;Lens Pod Milkvetch;33227,55;1170
995;Canyon Gooseberry;31919,84;2303
996;Cataract Vaupesia;41983,88;765
997;Greenwhite Sedge;31908,25;2014
998;Mountain Ash;71893,82;2924
999;Largehead Sedge;31562,35;57
1000;Plume Albizia;20958,71;2877
