2857;Witting-Murazik;1 Scoville Parkway;858-842-7879;palbrooke0@indiatimes.com
2186;McDermott LLC;630 Westend Park;785-966-4699;ttchaikovsky1@wiley.com
2509;Pollich, Parisian and McLaughlin;010 Main Road;770-161-7019;ehanniger2@so-net.ne.jp
2727;Labadie-Kilback;33 Cambridge Avenue;753-251-7976;rrubinowicz3@oakley.com
2774;Wisozk, Braun and Wilkinson;9676 Golf Course Plaza;408-192-9082;pgilks4@purevolume.com
2977;Donnelly, Ullrich and O'Keefe;16 Macpherson Plaza;506-702-7665;lmcgannon5@bing.com
2130;Morar-Block;69 Schmedeman Point;853-722-0156;brieger6@hibu.com
2159;O'Keefe Group;105 Springview Street;736-828-7648;ccanada7@whitehouse.gov
2291;Jaskolski, Shields and Homenick;6 International Center;329-150-0570;dwilsee8@craigslist.org
2695;Ferry LLC;84 Manitowish Street;564-390-0234;mbetteriss9@tmall.com
2294;Ernser-Bashirian;58 Carey Junction;832-294-4097;dweetcha@aol.com
2095;Wuckert LLC;7 Kipling Point;354-408-6649;pspringellb@cdc.gov
2824;Terry, Johnston and Predovic;71 David Center;820-353-1339;tpaolinellic@dell.com
2846;Dietrich-Kub;2 Hagan Court;247-785-5882;sswiffind@theglobeandmail.com
2940;Gleason LLC;5711 Hanover Court;689-648-6537;lalwene@tmall.com
2104;Kiehn, Mohr and Wiza;97 Norway Maple Park;340-174-4778;vrankingf@skyrock.com
2623;Weimann-Cummings;3813 Lakeland Park;562-963-7318;kpurnellg@stanford.edu
2180;Orn-Bahringer;5223 Brentwood Point;494-102-6346;challowsh@theglobeandmail.com
2652;Mosciski, Homenick and Corwin;95 Arrowood Junction;496-645-9957;afoardi@desdev.cn
2907;Schuster, Bins and Bode;615 Weeping Birch Junction;907-849-0467;dgraybealj@disqus.com
2526;Ortiz, Halvorson and Mitchell;07 Blaine Avenue;689-747-6677;rchaineyk@csmonitor.com
2052;Hackett Group;1 Lighthouse Bay Street;528-870-1783;wfredil@webs.com
2138;Zulauf LLC;7445 Darwin Lane;236-870-3717;rchidwickm@123-reg.co.uk
2103;Schaden, Pouros and Larson;062 Eagan Park;856-301-9617;rdimicn@histats.com
2840;Stark-Hermiston;443 Emmet Terrace;260-452-9556;cberndtsseno@amazon.co.jp
2487;Hickle-Leffler;21 Spohn Parkway;327-281-1009;lrainyp@businesswire.com
2688;Skiles Inc;606 Dakota Point;660-303-9021;jrableyq@networkadvertising.org
2585;Stark-Ferry;390 Clarendon Trail;251-690-9531;twaldrumr@cpanel.net
2521;Waters Group;182 Lerdahl Crossing;513-235-3429;nwalwoods@europa.eu
2114;Hartmann-Veum;85 Nancy Circle;533-306-5752;odevinnt@opensource.org
2506;Hegmann, Schulist and West;756 Corben Drive;451-470-2407;hfranchioniu@wiley.com
2201;Ledner Group;85300 Anzinger Junction;267-484-5470;ckettridgev@unesco.org
2688;Hudson-Lemke;5481 Sutherland Crossing;716-576-4451;ihortw@berkeley.edu
2652;Bernier LLC;0 Forest Run Trail;484-382-7526;bantonettix@altervista.org
2747;Ondricka and Sons;1896 Melody Court;889-823-6865;jcrumpey@adobe.com
2888;Lynch, Schmitt and Kub;19 5th Junction;881-928-4317;edonhardtz@prnewswire.com
2293;Gleason LLC;60 Riverside Trail;167-335-8717;pgobolos10@delicious.com
2104;Kuhn-Jaskolski;9164 Maple Point;961-577-3720;slidgertwood11@icq.com
2920;Goyette, Durgan and Koepp;4 Crest Line Terrace;957-460-6846;wcromack12@plala.or.jp
2248;Kirlin, Nitzsche and Ziemann;8181 Chinook Pass;533-143-3592;cvian13@uol.com.br
2626;Padberg Group;78 Kropf Crossing;150-609-4064;rlegrave14@mail.ru
2514;Reichert Group;2 Arrowood Avenue;426-534-6245;jhearsey15@jiathis.com
2231;Schiller-Frami;831 Utah Crossing;288-399-9752;gflewin16@bing.com
2205;Schultz-Bins;1 Randy Drive;946-418-2012;acrowdson17@hibu.com
2122;Cormier Inc;82154 Loftsgordon Junction;864-106-7853;mrooke18@nba.com
3000;Bartoletti and Sons;06 Emmet Terrace;887-479-1025;abrydon19@tinypic.com
2689;DuBuque Group;339 Toban Way;635-685-9451;gridgway1a@narod.ru
2548;Schuster and Sons;8 Sullivan Circle;222-715-8839;ptottem1b@house.gov
2984;Grady and Sons;12272 Pearson Plaza;725-843-9840;sardron1c@ibm.com
2100;Kuphal, Schneider and Towne;27 Del Mar Hill;502-656-1974;dfochs1d@photobucket.com
2444;Yundt-Tillman;171 Bobwhite Place;908-891-8935;gpawlata1e@berkeley.edu
2882;Jaskolski, Morar and Rice;654 3rd Crossing;928-841-7326;gmaccurlye1f@cornell.edu
2313;Hickle-Thompson;21 Marquette Avenue;509-429-4765;faikman1g@census.gov
2880;Quigley-Walsh;502 Di Loreto Crossing;988-953-7026;zcornwall1h@instagram.com
2876;Goldner-Erdman;8 Eggendart Point;702-310-6129;ctrenchard1i@answers.com
2066;Schneider LLC;287 Grayhawk Point;497-602-7200;avickerstaff1j@pcworld.com
2253;Pouros Group;75 Logan Pass;774-602-9449;gaspland1k@google.co.uk
2492;Effertz, Dibbert and Johnson;114 Lukken Trail;968-113-9969;sconeybeare1l@illinois.edu
2038;Walker-Aufderhar;76550 Charing Cross Crossing;949-407-7309;ycastelluzzi1m@youku.com
2573;Hoeger LLC;72991 Caliangt Crossing;288-654-7508;cbettlestone1n@usgs.gov
2213;Larkin Group;52 Dahle Park;889-689-6132;bhopkyns1o@google.ca
2226;Franecki-Reinger;01 Hazelcrest Plaza;312-562-0501;dhryniewicz1p@merriam-webster.com
2674;Treutel, Dibbert and Wolff;48108 Atwood Road;126-823-4213;lclempton1q@histats.com
2878;Shields-Davis;1 Glacier Hill Parkway;606-342-3487;gmulholland1r@comsenz.com
2113;Kris-Witting;128 Riverside Lane;621-239-6546;golphert1s@addtoany.com
2666;Boehm Group;0852 Superior Court;837-323-5547;jaimeric1t@china.com.cn
2573;Wilderman and Sons;5 Clarendon Crossing;716-129-2540;abizley1u@earthlink.net
2778;Trantow, Terry and Kautzer;1946 Corry Hill;866-116-0299;wbodsworth1v@dyndns.org
2471;Connelly-Corwin;18488 Badeau Alley;642-663-6711;ctice1w@cnn.com
2900;Bashirian-Kunze;89161 Glacier Hill Center;791-771-9915;tmckeever1x@themeforest.net
2393;Wuckert-Kovacek;51 Portage Hill;666-836-4418;rschistl1y@imgur.com
2990;Grant Group;075 Shoshone Crossing;860-693-0988;scrocroft1z@last.fm
2341;Farrell, Macejkovic and Orn;3 Crest Line Park;769-808-7546;dduffell20@moonfruit.com
2238;Emmerich Group;81 Larry Place;524-113-6678;rcammoile21@jiathis.com
2518;Windler, Morar and Hintz;6584 Pond Crossing;329-371-5917;rtenman22@opera.com
2790;Aufderhar, Stamm and Mertz;9 Milwaukee Alley;261-696-6077;egouth23@ning.com
2643;Fahey LLC;00 Clarendon Road;239-870-5415;rgraybeal24@usda.gov
2046;Bogan Inc;3 Spenser Parkway;833-889-4927;llilliman25@e-recht24.de
2205;Rolfson, Heathcote and Marks;0 Stang Alley;969-187-2381;jwalsom26@businesswire.com
2431;Rau-Effertz;538 Westridge Way;569-185-2177;nstoffler27@elegantthemes.com
2574;Wiza LLC;528 Manufacturers Drive;736-524-6092;lbambrugh28@amazon.co.uk
2729;Waelchi-Harris;7088 Nevada Court;454-699-7738;icritchard29@google.ca
2089;Kuvalis, Jacobi and Pacocha;60046 Village Court;725-161-0394;adurie2a@friendfeed.com
2437;Reilly, Dietrich and Maggio;10 Corscot Junction;507-651-8359;rquinane2b@blogspot.com
2084;Prosacco-Goldner;822 Eagan Crossing;236-757-8742;aivett2c@shutterfly.com
2207;Thiel, Gottlieb and Herzog;5 Novick Alley;485-387-1441;jalliker2d@usda.gov
2313;Kuvalis-Little;616 Northland Terrace;276-241-1957;jchill2e@cdc.gov
2623;Goldner, Predovic and Cartwright;7 Cordelia Alley;389-571-9076;mfordyce2f@senate.gov
2540;Smitham, Bashirian and Schroeder;99 Buena Vista Park;851-990-6560;gdubbin2g@vk.com
2314;Walter, Cronin and Aufderhar;53 Manufacturers Crossing;295-533-0465;cmartin2h@goo.gl
2955;Collins, Bayer and Nolan;4 Prairie Rose Road;295-726-2611;dpicker2i@gizmodo.com
2742;Renner-Roob;9216 Lighthouse Bay Junction;632-679-8361;dalsop2j@cornell.edu
2014;Howell, Schowalter and Bernier;02034 Namekagon Street;149-647-2876;lpine2k@earthlink.net
2456;Hackett and Sons;9 Meadow Valley Pass;960-543-3115;alandsborough2l@uiuc.edu
2341;Kuhic, Marks and McGlynn;7 Pearson Junction;349-239-1642;ffayers2m@squarespace.com
2092;Sawayn-Kertzmann;32972 Kropf Park;203-117-4281;vpull2n@ucoz.ru
2696;Abernathy, Spencer and Hahn;17240 Loeprich Trail;973-248-3067;lace2o@bluehost.com
2635;Dibbert Inc;3448 Rockefeller Terrace;199-531-9845;kstandingford2p@cornell.edu
2036;Brekke, Kuhn and Leffler;67419 Ryan Drive;722-886-5973;aeastlake2q@soundcloud.com
2643;Little LLC;186 Bluestem Point;105-458-0409;oable2r@nationalgeographic.com
2068;Jones Inc;6 Spaight Court;836-800-0062;gcairney2s@clickbank.net
2105;Langworth and Sons;52 Glendale Park;660-686-1407;fmerle2t@jiathis.com
2293;Jones-Beatty;70225 Sunbrook Road;306-996-8396;aleare2u@qq.com
2710;Daniel and Sons;676 Briar Crest Park;168-239-6244;perat2v@yandex.ru
2729;Wunsch, Ritchie and Runolfsdottir;2128 Fremont Drive;353-326-8364;rklais2w@e-recht24.de
2215;Wiza LLC;71731 Kipling Pass;481-759-5737;dremon2x@instagram.com
2061;Goyette-Torp;47 Hoard Avenue;216-427-0354;cdeporte2y@nytimes.com
2164;Batz-Becker;53 Pine View Place;254-543-0534;jmarielle2z@is.gd
2688;O'Conner LLC;26 Jackson Point;669-752-8704;mratter30@unesco.org
2376;Bernhard Group;9520 Linden Court;184-324-4634;jbesset31@smh.com.au
2167;Collier LLC;779 Weeping Birch Street;279-915-8402;mgooley32@google.de
2447;Larson Group;75626 Novick Plaza;247-898-8557;adurdle33@eventbrite.com
2562;Friesen LLC;6515 Bonner Road;142-842-2109;mskidmore34@biglobe.ne.jp
2846;Gerlach-Walter;0126 Gateway Avenue;400-187-1689;lenrich35@goo.ne.jp
2290;Adams, Schmeler and Strosin;19 Fuller Pass;492-347-2966;ccatanheira36@oaic.gov.au
2121;Bayer, Christiansen and Jerde;08641 Blackbird Street;255-192-0499;psvanini37@squarespace.com
2590;Macejkovic-Gulgowski;88119 Pond Park;575-924-0720;fromanelli38@nature.com
2154;Beatty LLC;24777 Claremont Circle;235-565-2490;acircuit39@bizjournals.com
2768;Reilly and Sons;62 Petterle Point;201-305-0473;tfinlaison3a@joomla.org
2331;Bernier, Rogahn and Hegmann;4 Dwight Crossing;568-287-2361;cshotton3b@globo.com
2738;Nader LLC;7 Sommers Alley;882-329-8891;bkatz3c@soup.io
2236;Schmidt and Sons;81485 Spenser Plaza;397-109-5643;mbaggiani3d@prweb.com
2140;Shields, Lockman and Crona;81 Corben Circle;906-616-9175;cjustice3e@wikipedia.org
2776;Steuber-Predovic;5 Talisman Hill;531-994-9534;llaming3f@pbs.org
2522;Schumm, Tremblay and Cassin;73 Linden Circle;773-762-8264;eludlam3g@stanford.edu
2934;Ruecker-Flatley;8852 Express Trail;973-127-9795;omeehan3h@shinystat.com
2572;Rippin and Sons;518 Westport Center;553-957-5979;mcromly3i@ow.ly
2449;Harber, Mante and Kris;05633 Miller Park;239-292-6815;dnorcliffe3j@imgur.com
2732;Stehr, White and Cummings;84166 Susan Plaza;737-923-2048;cweeke3k@tmall.com
2641;Bernhard, Kihn and Hane;95394 Blackbird Avenue;458-348-0739;idignan3l@odnoklassniki.ru
2506;Spencer, Kautzer and Friesen;37581 Ronald Regan Way;476-745-3497;mphil3m@shareasale.com
2803;Kreiger, Barrows and Brekke;306 Russell Place;911-525-9334;cchurchin3n@wikispaces.com
2429;Glover-Legros;03219 Stoughton Crossing;742-767-1892;ldalgety3o@reuters.com
2438;Glover-Okuneva;97703 Gulseth Court;248-588-7447;klayland3p@mayoclinic.com
2985;Cassin, Weimann and Fritsch;29360 Arrowood Road;340-558-1524;deginton3q@foxnews.com
2698;Kuvalis, Thiel and Yundt;35666 Harper Court;350-822-0091;spaffley3r@photobucket.com
2084;Harvey Group;753 Lakewood Gardens Plaza;900-524-1033;csommerton3s@shutterfly.com
2032;Daniel and Sons;38 Sunbrook Avenue;811-983-2347;itilling3t@google.fr
2722;Rempel-Mayer;4 Old Shore Avenue;989-706-1004;telderidge3u@msn.com
2582;Gleichner, Kutch and Bogisich;3749 Lawn Point;483-889-4211;psimonnin3v@shareasale.com
2655;Schmidt-Abernathy;2881 Monica Alley;673-992-1870;cbenfell3w@java.com
2872;Greenholt, Johnson and Romaguera;63557 Pennsylvania Street;733-488-2193;epfeffel3x@ed.gov
2977;Lang and Sons;75 American Trail;571-314-8240;omilius3y@census.gov
2937;Wiza and Sons;786 Spenser Lane;388-966-2623;jnorthleigh3z@deviantart.com
2951;Sawayn and Sons;30441 Tomscot Point;350-576-6289;krickaert40@vk.com
2093;Klein and Sons;449 Ronald Regan Street;135-674-0758;mbartolomucci41@sbwire.com
2073;Fay Inc;21216 Vahlen Pass;531-101-8389;lorknay42@naver.com
2554;Upton and Sons;62 Boyd Avenue;736-282-8446;rledley43@spiegel.de
2211;Rutherford-Bergnaum;9021 Oak Road;913-661-6613;rgeorgeson44@cisco.com
2161;Murray-Koepp;78512 Independence Alley;214-594-3379;kmuncie45@so-net.ne.jp
2267;Durgan and Sons;78 Thompson Street;722-949-2113;temmitt46@theglobeandmail.com
2966;Ledner-Graham;1 Cherokee Drive;103-818-8270;hmeldon47@vk.com
2605;Schultz, Leannon and Schimmel;046 Riverside Junction;965-921-3470;kcauthra48@nationalgeographic.com
2479;Feil, Christiansen and Jakubowski;98479 Derek Road;558-117-4767;rconiff49@va.gov
2453;Lowe and Sons;86 Dayton Avenue;221-932-9420;twells4a@rakuten.co.jp
2070;Fritsch LLC;31018 Bellgrove Parkway;593-422-4951;pwickens4b@nydailynews.com
2894;Johnston, Little and Okuneva;917 Sunnyside Plaza;501-253-6904;lholtaway4c@apple.com
2838;Von, McGlynn and Parisian;1626 Garrison Parkway;117-335-3974;rmarishenko4d@apple.com
2214;Pfeffer-Conroy;77 John Wall Parkway;405-188-1447;dcapel4e@prweb.com
2421;Labadie, Auer and Ondricka;02 Towne Avenue;727-131-6154;edefrancisci4f@liveinternet.ru
2593;Homenick-Kuvalis;3183 Vera Terrace;800-380-5680;ejennions4g@cisco.com
2277;Gutkowski-Hintz;78621 Sullivan Lane;327-373-4193;kpickring4h@deliciousdays.com
2197;Shields-Batz;59444 Lakewood Point;140-126-3843;laston4i@studiopress.com
2688;Lind Group;6 Prentice Pass;374-469-9201;hnorthen4j@addtoany.com
2537;Ondricka LLC;4207 Lake View Court;897-483-7387;vpattington4k@who.int
2065;Corkery LLC;358 Burrows Way;127-533-3173;velia4l@bloomberg.com
2705;Hane-Swaniawski;79 Hovde Circle;837-325-3529;aworvell4m@etsy.com
2034;Pfeffer-Rau;043 Kropf Junction;464-782-0998;kandresser4n@networksolutions.com
2316;Crist, O'Hara and Wolff;58164 American Junction;303-144-1143;pickovici4o@ow.ly
2500;Johnson Inc;313 Graceland Court;916-824-8611;rmcness4p@wsj.com
2027;McGlynn and Sons;72 Riverside Lane;117-185-7369;hcheavin4q@photobucket.com
2033;Osinski LLC;7422 2nd Street;619-886-0548;smcarthur4r@histats.com
2542;Von-Zulauf;48 Tennessee Park;566-245-6922;sschofield4s@discuz.net
2214;Altenwerth, Prohaska and Heathcote;36 Sage Place;985-284-6113;mscarfe4t@hugedomains.com
2340;Rohan Inc;6776 Algoma Park;426-308-6113;csiviour4u@chicagotribune.com
2784;Bergstrom and Sons;85003 Mendota Lane;425-320-4287;hpolendine4v@earthlink.net
2480;Denesik-Carroll;8 Lien Pass;222-736-8193;mdarbey4w@youku.com
2472;Schinner LLC;45 Bartelt Alley;574-232-3240;abrisbane4x@nbcnews.com
2060;Dach-Gleason;9 Karstens Junction;690-330-0406;gmanns4y@xrea.com
2457;Gottlieb, Walker and Hilll;7840 Hoard Court;631-261-7617;mbaswall4z@blogs.com
2696;Von-McKenzie;6244 Forster Crossing;639-712-6393;laugar50@usgs.gov
2205;Pfannerstill-Rohan;0 Everett Parkway;459-489-2876;kbemwell51@google.nl
2122;Ruecker-Huel;2 Rowland Court;531-197-8126;bquarrington52@ning.com
2755;Hauck, Konopelski and Leuschke;4 Riverside Street;524-584-1915;spidler53@symantec.com
2083;Treutel Group;4 Jay Circle;350-744-9069;jsexti54@gmpg.org
2476;O'Kon Group;207 Gateway Point;462-890-7798;nkleewein55@google.ru
2338;Kuphal, Kerluke and Goldner;1354 Doe Crossing Park;499-363-2989;gaxelby56@wisc.edu
2064;Stroman, Buckridge and Miller;0440 Crescent Oaks Parkway;346-607-0012;bhalvosen57@canalblog.com
2998;Mante-Hegmann;13853 Rockefeller Plaza;960-932-7932;wwilloughby58@blogspot.com
2217;Kris LLC;49 Forest Street;364-216-7792;vgregorin59@examiner.com
2017;Littel Group;72 Arapahoe Trail;915-842-8683;cthunders5a@baidu.com
2754;Langosh, Schmidt and Lebsack;923 Dawn Avenue;713-474-3611;ncauldfield5b@gmpg.org
2523;Kuhlman and Sons;688 Knutson Hill;578-225-6043;gsodor5c@hp.com
2303;Howell-Cormier;97 Mayer Lane;835-230-4215;gwhacket5d@sohu.com
2958;Hickle Group;01 Thierer Plaza;634-862-1136;jvarsey5e@multiply.com
2989;Koch LLC;4 Loftsgordon Circle;643-307-9651;cmaple5f@blogger.com
2500;Feil LLC;2740 Farragut Terrace;804-630-8190;fmigheli5g@cyberchimps.com
2010;Schumm-Schmitt;94 Helena Street;542-567-0312;rgow5h@tiny.cc
2681;Boehm LLC;4 Blue Bill Park Way;862-555-7703;fmokes5i@harvard.edu
2779;Denesik, Hoeger and Tillman;990 Crest Line Junction;836-719-5918;cbarford5j@nbcnews.com
2751;Mayert, Von and Bayer;49 Buena Vista Terrace;887-629-8065;mhembry5k@wired.com
2535;Hickle-Larkin;52900 John Wall Pass;477-525-9068;sbroadberry5l@homestead.com
2768;O'Reilly-Bahringer;53 Lien Point;898-478-5915;lvarnam5m@samsung.com
2766;Marvin LLC;66422 Homewood Junction;189-344-8807;npollins5n@irs.gov
2917;Johns, Wyman and Krajcik;097 Spaight Lane;562-699-3131;hcorsar5o@sciencedaily.com
2250;Ferry, Yost and Beer;5596 Northfield Street;513-908-3743;cprestland5p@gravatar.com
2465;Cormier-Murazik;0 Lakewood Street;404-209-7783;mrumin5q@techcrunch.com
2441;Reynolds-Lindgren;2873 Wayridge Crossing;218-644-0730;etingcomb5r@blogs.com
2769;Predovic Inc;0 Independence Alley;991-433-5052;aphillp5s@nasa.gov
2224;Kirlin LLC;73329 Troy Place;924-907-2237;lseyers5t@japanpost.jp
2835;Krajcik, Wiegand and Bruen;8 Westerfield Place;126-154-7380;bridolfi5u@list-manage.com
2316;Wunsch-Haley;69 Cardinal Way;921-258-2531;mwellfare5v@blogtalkradio.com
2392;Dietrich, Zemlak and Rau;778 Arkansas Street;685-481-0876;ahawkshaw5w@cafepress.com
2026;Batz Inc;68390 Melvin Place;996-163-3357;kburrett5x@si.edu
2118;Schiller and Sons;78 Dwight Street;938-643-7383;wrisley5y@merriam-webster.com
2311;Paucek, Wehner and Lueilwitz;821 Caliangt Pass;283-641-8074;bhalpine5z@naver.com
2641;Feil, Heathcote and Gutmann;8260 Del Sol Center;434-992-4787;vsarch60@eventbrite.com
2679;O'Conner Inc;1 Utah Circle;250-923-4670;jbarlass61@umn.edu
2207;Hettinger Inc;3 Sachtjen Drive;391-206-5745;jsowter62@dagondesign.com
2844;Sanford, Funk and Sporer;38 Oak Valley Street;846-871-0395;tsaffill63@bloomberg.com
2603;Kemmer LLC;837 Blackbird Point;399-126-5406;dmccafferky64@4shared.com
2935;Cummerata-Schneider;72 Vahlen Street;147-174-1408;psmewings65@vk.com
2397;Monahan and Sons;894 Muir Hill;384-441-3060;mgullefant66@123-reg.co.uk
2992;Denesik-Hartmann;65 Dennis Way;530-274-8164;iturneux67@cnbc.com
2600;Parisian Group;00756 Sage Way;959-396-6645;jhegg68@goo.gl
2053;Toy and Sons;56611 Banding Pass;636-974-2310;ahumberstone69@slideshare.net
2450;Breitenberg-Fadel;7160 Jay Trail;821-555-1634;sstredder6a@utexas.edu
2093;Reilly-Mueller;206 Luster Avenue;115-313-8312;sconfort6b@spotify.com
2797;Moore-Yundt;63033 Independence Terrace;480-315-9272;jmourant6c@paginegialle.it
2752;O'Connell Inc;6 Loomis Junction;606-425-4010;ericardon6d@aboutads.info
2283;Bartoletti LLC;8 Towne Avenue;202-822-5592;kzoppie6e@indiegogo.com
2562;Kutch-D'Amore;54411 Ruskin Junction;314-764-6438;cbrahams6f@4shared.com
2738;Gutmann, Nolan and Stiedemann;78 Hollow Ridge Parkway;387-188-6311;mburress6g@mtv.com
2180;Oberbrunner Inc;4053 Holy Cross Plaza;209-857-5601;flanney6h@csmonitor.com
2553;Kihn, O'Kon and Schoen;40101 American Way;859-187-5868;ecruce6i@lulu.com
2242;Towne, Fahey and Ritchie;59779 Hoard Trail;590-738-6218;fscherme6j@geocities.jp
2599;Turcotte-Bruen;365 Vernon Lane;519-388-9734;nsiggers6k@ebay.com
2749;Crist and Sons;142 Red Cloud Street;404-954-5119;ssigert6l@ucoz.ru
2113;Wyman Group;942 Bartelt Drive;855-844-4128;nhazelden6m@cmu.edu
2970;Legros-Emard;36 Talisman Road;981-552-8557;cspritt6n@google.com.hk
2577;Schuppe-Williamson;79 Burrows Crossing;683-651-5161;cgianolini6o@mtv.com
2928;Krajcik, Quitzon and Hermiston;7 Morrow Drive;686-146-5030;ldenerley6p@nps.gov
2076;Miller-Collier;3270 Havey Hill;341-283-4378;ndebrett6q@techcrunch.com
2646;Strosin, DuBuque and Robel;531 Lake View Avenue;981-596-2572;dbarczewski6r@timesonline.co.uk
2011;Hilpert-Kutch;3559 Marquette Circle;242-426-5441;sloiterton6s@dailymotion.com
2656;Hansen-Dare;2 Mockingbird Point;298-828-7344;mshakspeare6t@ycombinator.com
2897;Keeling-Robel;51 Hayes Junction;816-898-7415;ebeggin6u@bloomberg.com
2727;Christiansen and Sons;7 Clemons Hill;474-838-9970;spauluzzi6v@prlog.org
2007;Langworth and Sons;28956 Eliot Terrace;553-380-9688;rnecrews6w@weebly.com
2167;Swift, Mertz and Barrows;160 Delladonna Crossing;163-366-1586;sbreede6x@mit.edu
2290;Vandervort-Sawayn;3 Ronald Regan Trail;352-182-7371;bmarklow6y@qq.com
2329;Torphy, Lindgren and Wilkinson;2049 Mitchell Circle;825-444-4031;udillimore6z@biblegateway.com
2880;Hintz, Waelchi and Marvin;9944 Randy Alley;111-221-4290;bburtwistle70@sciencedirect.com
2317;Huels, O'Connell and O'Hara;26175 Banding Street;868-463-4394;hsnoday71@mapquest.com
2281;Abernathy, McClure and Auer;9 Walton Park;181-204-3808;ghordle72@prweb.com
2947;Bartell Inc;0380 Old Shore Pass;323-413-5237;bhallwood73@noaa.gov
2304;Hermiston-Vandervort;523 Bonner Junction;359-722-1639;htomeo74@privacy.gov.au
2415;Koch Group;92 Birchwood Way;222-808-8107;nyielding75@illinois.edu
2212;Koelpin-Zieme;83 Fallview Avenue;658-289-9513;swatsonbrown76@tumblr.com
2519;Maggio-Yundt;32901 Sachtjen Street;278-124-8889;acicculini77@google.com.br
2049;Schneider and Sons;7 Hazelcrest Plaza;847-908-0116;gnabbs78@state.tx.us
2420;Price-Carter;18468 Westend Crossing;800-171-8619;schesney79@ft.com
2819;Lesch and Sons;546 1st Lane;483-341-0407;ebosworth7a@github.com
2108;Considine-Leuschke;8503 Elka Avenue;174-198-0793;sfattore7b@sitemeter.com
2268;Schuppe and Sons;5 Everett Parkway;953-244-9505;jlonghorn7c@meetup.com
2783;Rodriguez-Stehr;92 Brickson Park Street;248-753-3335;blinger7d@loc.gov
2673;Wunsch LLC;52 Bowman Court;698-434-3796;jcloke7e@arizona.edu
2787;Wiegand Group;85 Karstens Lane;389-842-7878;mmcneachtain7f@indiatimes.com
2029;Harris LLC;87781 Miller Terrace;971-717-6244;nwastell7g@sun.com
2178;Brakus, Legros and Bednar;09 Eagan Alley;579-600-3068;rtudbald7h@dot.gov
2391;Kihn LLC;1965 Independence Avenue;534-720-0149;lvassman7i@eepurl.com
2408;Dicki-Hand;056 Shoshone Street;681-552-6253;qwoodhall7j@tuttocitta.it
2412;Schulist Inc;132 Buell Trail;932-589-6581;rkeenlyside7k@opera.com
2630;Beatty-Okuneva;7913 Tennessee Street;358-168-2107;cstarie7l@paypal.com
2898;McLaughlin Group;7 Dennis Hill;523-407-4662;vsalan7m@about.com
2775;Runolfsdottir Inc;62194 Stoughton Crossing;615-636-8033;bsallery7n@quantcast.com
2252;Beier, White and Kozey;2 Kings Parkway;312-925-8245;gspiby7o@twitter.com
2534;Greenfelder LLC;99 Green Road;885-810-6675;heddow7p@ifeng.com
2295;Huel, Rutherford and Leffler;6 Marcy Pass;970-861-6740;afeatherby7q@unc.edu
2664;Stiedemann Inc;2548 Lakewood Gardens Pass;407-775-8206;wbastable7r@sciencedaily.com
2468;Schaefer, Sanford and Nitzsche;91 Cody Way;701-649-5064;pcongrave7s@naver.com
2080;Rogahn, Tromp and Bruen;1 Declaration Court;449-883-1128;mduligal7t@naver.com
2215;Wiza, Braun and Morar;9 Hanson Place;816-580-8450;tpietrasik7u@google.com
2343;Reilly-Jast;030 Melody Junction;451-744-2196;mfragino7v@merriam-webster.com
2040;Hand LLC;71 Cambridge Drive;443-694-5442;dadam7w@admin.ch
2945;Green, Hagenes and Witting;16295 Victoria Circle;539-819-7241;wofer7x@intel.com
2341;Kub, Boyer and White;3 Fuller Hill;217-664-1059;abracey7y@mediafire.com
2766;Shields, Rowe and Lockman;2620 Raven Drive;575-533-8339;dtite7z@networksolutions.com
2399;Gaylord-Goyette;20690 Saint Paul Circle;701-363-6893;ttucknott80@oakley.com
2794;Koss LLC;386 Melby Avenue;566-290-4739;rdoig81@weebly.com
2513;Lindgren Group;9 Victoria Crossing;669-728-6107;gtalman82@fotki.com
2342;Walker, Zieme and Doyle;60071 Harper Court;359-274-7861;ashirt83@dagondesign.com
2559;Dicki LLC;708 Onsgard Court;629-879-8078;kferriday84@jiathis.com
2922;Quigley LLC;94779 Ruskin Road;559-998-0575;cgoodlatt85@prweb.com
2016;Hirthe, Spencer and Emmerich;092 Old Gate Junction;749-859-0988;celfitt86@bing.com
2147;Towne LLC;8 Warner Hill;119-210-6729;emcgaugie87@omniture.com
2139;Maggio, Labadie and Kemmer;5799 Huxley Pass;265-508-1988;nbransom88@rambler.ru
2776;Braun LLC;0 Oriole Point;950-618-3747;fburdon89@ow.ly
2954;Carter, Senger and Schmidt;12 Walton Place;493-734-8496;rsebire8a@nationalgeographic.com
2583;Friesen-Batz;0 Bonner Junction;469-884-1382;rarnal8b@sitemeter.com
2719;Witting LLC;7 Cordelia Circle;803-120-0976;mhenriques8c@infoseek.co.jp
2211;Armstrong, O'Hara and Dietrich;0511 Schiller Plaza;601-610-5575;jsolland8d@unesco.org
2770;Kessler Inc;428 Jay Trail;152-329-3803;eohannen8e@wikimedia.org
2094;Okuneva-Mayert;03 Del Mar Plaza;486-327-4492;jzappel8f@netscape.com
2009;Schneider-Hills;6 Prairie Rose Pass;191-479-5563;lgrimm8g@sphinn.com
2144;Cole and Sons;60 Harbort Court;877-322-4352;hdakhov8h@slashdot.org
2346;Buckridge, Pacocha and Lubowitz;41745 Sunbrook Trail;305-998-4733;santhoin8i@51.la
2068;Conroy Group;83 Fremont Park;216-141-2472;sgrise8j@sfgate.com
2160;Vandervort, McClure and Abshire;6 Towne Trail;352-333-9869;sstollard8k@wired.com
2237;McGlynn-Vandervort;58 Onsgard Crossing;298-260-3853;lheskin8l@amazon.co.jp
2501;Mohr, Yost and Rosenbaum;273 Grim Junction;494-410-6873;tducker8m@free.fr
2192;Larson, Gottlieb and Parker;9 Packers Crossing;829-924-0449;wjendrich8n@rediff.com
2288;Zboncak Inc;4 Hudson Lane;977-472-0449;cdikelin8o@census.gov
2605;Cassin-Tremblay;57775 Spohn Road;697-217-6936;dtassaker8p@slashdot.org
2191;Wiza LLC;699 Moose Point;577-495-7336;lmapledoore8q@storify.com
2084;Gorczany Inc;592 Valley Edge Plaza;306-563-4373;kbugdale8r@dmoz.org
2629;Raynor and Sons;89704 Glacier Hill Court;679-261-2991;jblaydes8s@uol.com.br
2819;Russel, Kerluke and Maggio;677 New Castle Lane;629-969-5903;daslet8t@istockphoto.com
2378;Blick-Mueller;39438 Grover Lane;486-389-8240;abresner8u@noaa.gov
2963;Osinski-Schmeler;8 Kennedy Trail;167-277-4383;dheindl8v@who.int
2905;Fay Group;987 Gale Drive;408-121-6259;rbalcers8w@shareasale.com
2317;Towne, Bernier and Botsford;8780 Corscot Trail;781-868-8173;qburgiss8x@bigcartel.com
2099;Hamill Inc;68530 Westerfield Pass;583-232-4954;bredman8y@spiegel.de
2062;Collier-Gorczany;01 Monterey Pass;231-239-2030;cstoppard8z@hexun.com
2691;Carroll Inc;07454 Cardinal Avenue;115-745-8280;lmityushkin90@example.com
2999;Hilpert Inc;922 Springs Hill;339-748-3626;zolyet91@multiply.com
2712;Bruen LLC;36987 Lindbergh Hill;739-562-5794;mwoolway92@wordpress.com
2828;Cartwright Group;79592 Donald Pass;171-191-6372;lgarber93@wufoo.com
2716;Bruen-Satterfield;7969 Farragut Court;479-362-0800;ederoeck94@sphinn.com
2078;Zboncak, Cronin and Hayes;60 Del Mar Park;539-858-9997;itombleson95@w3.org
2650;O'Keefe-Walter;369 Larry Way;780-690-5514;kpawsey96@hexun.com
2248;Hettinger, Bayer and Yost;18 Michigan Terrace;887-301-2909;dcardwell97@springer.com
2523;Luettgen-Emard;46033 Hermina Court;247-637-5847;ddungay98@ameblo.jp
2091;Boehm and Sons;7 Carioca Hill;261-472-2037;kfackney99@telegraph.co.uk
2759;Kuhlman-Keebler;03 Washington Pass;552-814-5958;fpetrushanko9a@hatena.ne.jp
2974;Hammes Inc;91 Anderson Road;580-622-3475;mczajka9b@nhs.uk
2651;Rau-Quitzon;746 Corry Trail;438-941-6933;wanstiss9c@cbsnews.com
2253;Gislason-Windler;056 Granby Drive;225-195-4060;psnewin9d@paypal.com
2105;Crona, Hackett and Veum;66 Towne Avenue;232-256-8355;leglin9e@instagram.com
2207;Torphy Inc;5 Harbort Pass;953-415-4606;gdockrey9f@desdev.cn
2475;Lynch, Hagenes and Harris;69288 Blackbird Terrace;968-508-6454;htoghill9g@theglobeandmail.com
2070;Doyle-West;1 Pearson Avenue;538-937-5947;adunkirk9h@de.vu
2446;Balistreri-Nitzsche;6908 Park Meadow Crossing;781-976-4828;rboote9i@imageshack.us
2052;Hayes, Marks and Kreiger;88 Lukken Terrace;621-222-5101;eouldcott9j@jimdo.com
2822;Hackett-Jacobs;4 Barnett Trail;822-448-3504;amclanaghan9k@washington.edu
2425;Rempel, Ernser and Gerlach;351 Cardinal Way;547-834-0556;bsidery9l@booking.com
2143;Cartwright-Sporer;5192 Redwing Alley;261-368-6055;rdimmer9m@ovh.net
2439;McGlynn, Terry and Feeney;9 Barnett Terrace;900-495-7214;cskittrall9n@webeden.co.uk
2648;Walsh-Fadel;1 Huxley Point;781-329-5895;dgabbitas9o@accuweather.com
2646;Dickinson LLC;627 Tony Trail;544-313-3316;aquaintance9p@smh.com.au
2288;Oberbrunner LLC;89 Center Avenue;926-488-6625;mcossons9q@redcross.org
2579;Kub and Sons;02735 Farwell Trail;789-159-6760;wshildrick9r@joomla.org
2085;Okuneva, Cremin and Walter;2627 Vidon Crossing;935-535-5877;igoodred9s@1688.com
2004;Dibbert-Crona;22667 Annamark Plaza;225-237-4051;cmcmakin9t@booking.com
2822;McGlynn, Lind and Leuschke;61165 Forest Run Lane;369-287-6934;arylstone9u@vinaora.com
2431;Kihn LLC;08 Porter Road;867-403-3013;wprobey9v@typepad.com
2726;Haley LLC;43 Manufacturers Street;592-378-7953;ngrice9w@jalbum.net
2466;Stanton-McCullough;75100 East Center;964-913-0439;ocuardall9x@livejournal.com
2988;Beer LLC;00 Onsgard Crossing;604-796-6481;lstockow9y@gov.uk
2422;Price, Legros and Hane;1878 Namekagon Road;172-801-4712;hcodrington9z@irs.gov
2741;Zemlak-Schuster;53360 Harbort Lane;884-551-3519;pperritta0@squarespace.com
2718;Lesch Inc;0147 Moose Way;199-107-5114;spepperda1@nytimes.com
2809;Williamson, Kuhn and Wiegand;6 Pankratz Crossing;883-936-0619;kpenketha2@nifty.com
2823;Okuneva, Hintz and VonRueden;2 Mallard Pass;655-846-0617;gclimoa3@sakura.ne.jp
2189;Bogan, Jacobson and Kunde;005 Park Meadow Road;880-222-5244;mgrombridgea4@e-recht24.de
2457;Cruickshank, Bartoletti and Schumm;8 Bluestem Avenue;622-580-6784;udeatha5@wunderground.com
2744;Predovic Group;29277 Lyons Court;286-995-8153;sbeagriea6@zdnet.com
2208;Mills, Carroll and Borer;18 Morningstar Plaza;347-847-2733;lbeenhama7@wp.com
2716;Schultz, Morissette and McCullough;95 Autumn Leaf Point;258-940-8546;dsteptowa8@tumblr.com
2505;Hermiston Group;13447 Armistice Center;111-540-7075;soldroydea9@imgur.com
2813;Treutel and Sons;546 Quincy Drive;383-174-5022;bgledeaa@shop-pro.jp
2987;Stanton, Weissnat and Crist;3 Arrowood Park;168-835-0010;egavaranab@timesonline.co.uk
2394;Waters and Sons;1 Pennsylvania Way;632-789-7319;ceagletonac@lulu.com
2788;West, West and Tromp;055 Dahle Alley;770-116-6312;tbeamishad@yellowbook.com
2063;Fisher, O'Kon and Hahn;3889 John Wall Alley;682-943-6738;aricardetae@nymag.com
2184;Kuvalis Group;13530 Garrison Junction;179-463-4257;ytredinnickaf@cbsnews.com
2709;Mayert and Sons;34411 Green Ridge Parkway;320-704-5428;rshearsbyag@nhs.uk
2429;Hoeger and Sons;8 Fisk Point;556-994-1175;bouldcottah@joomla.org
2311;Cole-Cormier;858 Mesta Terrace;632-867-1880;kbethoai@sciencedirect.com
2789;Turner, Harris and Wyman;57 Wayridge Lane;927-480-8366;mbramptonaj@rediff.com
2894;Runolfsson-Torphy;971 Bultman Hill;587-967-0270;agerlerak@xinhuanet.com
2311;O'Connell Group;026 Spohn Hill;553-275-5629;cgissingal@people.com.cn
2263;Harber-Jast;33 Bluejay Point;495-748-4069;bbernolletam@uiuc.edu
2030;Wolf-Jacobs;876 Maple Wood Junction;779-529-7884;qmallabonean@yellowpages.com
2824;Jerde, Hudson and McKenzie;1147 Merry Street;240-446-7807;bbeavesao@arizona.edu
2887;Jakubowski Group;09769 Buena Vista Junction;959-271-3417;ccleareap@chicagotribune.com
2470;Koss, Tillman and Ward;0 South Drive;820-290-7209;awetherellaq@histats.com
2747;Denesik LLC;17 Transport Alley;245-938-5606;nsuffear@nih.gov
2202;Reilly Group;5699 Di Loreto Terrace;102-728-8539;pgookesas@tripod.com
2813;Gislason LLC;7388 Westport Circle;770-794-9680;tpadburyat@europa.eu
2174;Padberg, Harvey and Bartell;73887 Main Parkway;629-388-0899;sroundingau@cnn.com
2718;Moore, Kohler and Doyle;90 Springview Road;733-217-6340;edederichav@cyberchimps.com
2577;Lueilwitz-Mayert;52 Algoma Way;671-240-0782;ivannoniaw@accuweather.com
2696;Jones, Welch and Hodkiewicz;4 Welch Lane;276-686-5869;jpreax@acquirethisname.com
2569;Larkin Inc;59 Harbort Junction;156-859-3705;aprandiay@tmall.com
2239;Rosenbaum, Pagac and Carroll;11406 Sherman Drive;373-145-5485;ghandrahanaz@npr.org
2760;Hackett, Wisozk and Stamm;22 Monterey Parkway;447-456-6719;tdulanyb0@t.co
2912;Lubowitz, Nolan and Konopelski;529 Forest Hill;466-528-0286;kalesiob1@istockphoto.com
2814;Gerlach, Mraz and Bashirian;344 Eggendart Circle;889-444-5059;sguppeyb2@seesaa.net
2415;Johns LLC;26629 Bartelt Alley;779-133-2246;gmillsomb3@ifeng.com
2545;Altenwerth LLC;32548 Meadow Ridge Hill;284-268-8327;cbrabbinsb4@eepurl.com
2159;Moore, Roberts and Paucek;7 Messerschmidt Crossing;852-648-3120;aravenscroftb5@sitemeter.com
2481;Rowe, Kohler and Murphy;7851 Almo Drive;819-435-4449;lreolfob6@netvibes.com
2409;Ondricka-Franecki;987 Melvin Junction;362-384-6660;mcartmaelb7@cbc.ca
2324;McGlynn, Schuppe and Bogisich;709 Fallview Circle;851-529-1718;vsummersonb8@ftc.gov
2050;O'Keefe LLC;5506 Orin Parkway;134-982-1580;cpalphreymanb9@meetup.com
2760;Gulgowski-Bayer;51 Forest Dale Trail;190-781-1290;badamovba@dmoz.org
2223;Schimmel Group;480 Reinke Park;305-968-1828;acooganbb@joomla.org
2628;Lowe and Sons;8 Manley Court;418-757-4137;aspatigbc@theguardian.com
2609;Hirthe LLC;3 Heath Plaza;171-378-0792;mdiembd@stanford.edu
2734;Koss, Spinka and Weber;462 Erie Point;277-178-3843;fnornasellbe@psu.edu
2146;Hoeger LLC;0851 Sachs Plaza;893-371-0837;djirasbf@sfgate.com
2566;Renner and Sons;49 Meadow Ridge Point;857-593-5892;acuttlerbg@ibm.com
2176;Jenkins-Mertz;9957 Sloan Trail;904-959-8355;rwinkellbh@shinystat.com
2714;Fay Group;02 Killdeer Street;573-313-0203;hillingsworthbi@reddit.com
2201;Lehner-Lind;37160 Warner Way;775-970-3707;mquartleybj@ftc.gov
2403;Kilback Group;7891 Westport Junction;798-601-0211;jsaladinbk@webs.com
2621;Gleichner LLC;538 Forest Center;684-315-6473;cfrancellobl@oakley.com
2038;O'Connell Group;3528 Toban Park;808-912-2373;lhoylandbm@soundcloud.com
2092;West, Parisian and Cormier;82 Crest Line Park;813-243-7518;kflochbn@nationalgeographic.com
2746;Bosco, Hermiston and Towne;9 Corry Alley;203-498-3101;niddiensbo@sina.com.cn
2135;Koss Inc;40 Hermina Court;960-667-2967;avamplusbp@netscape.com
2759;Kertzmann, Mosciski and Gaylord;70 Schlimgen Parkway;142-574-9924;aboostbq@accuweather.com
2144;Lynch Inc;0187 Roth Center;138-202-5090;wtillyerbr@mayoclinic.com
2963;Roob, Johns and Friesen;456 Gulseth Alley;672-820-4702;fbiddulphbs@xrea.com
2598;Schmidt LLC;13592 Kensington Center;976-602-3104;kjemmisonbt@ucoz.com
2117;Nader, Schuster and Brown;596 Steensland Parkway;581-355-1683;fabelabu@clickbank.net
2362;Metz-Kohler;81847 Rigney Crossing;664-411-8263;kcorbetbv@yolasite.com
2750;Quigley-Cole;000 Sunfield Street;566-144-1099;rmiguelbw@princeton.edu
2458;Cremin-Altenwerth;87729 Drewry Trail;470-768-9306;tplitzbx@yahoo.com
2994;Halvorson Inc;9066 Sommers Trail;724-327-3861;jpashleyby@nps.gov
2320;Davis Group;700 Redwing Crossing;126-663-5293;mgarretbz@princeton.edu
2859;Towne-Stroman;785 Fuller Lane;704-936-3349;mcapronc0@imdb.com
2860;Bins and Sons;35559 Sage Circle;339-250-0290;pspieghtc1@tripod.com
2859;Murray and Sons;18043 Sauthoff Court;350-711-5313;athickinc2@pen.io
2003;Medhurst-Carter;03 Hintze Plaza;204-664-0463;kjewarc3@cam.ac.uk
2567;Koch-Johns;3494 Fieldstone Place;634-842-6628;osauvenc4@wisc.edu
2987;Pagac, Conn and Prosacco;28576 Grayhawk Alley;663-368-0555;fthomazetc5@house.gov
2029;Yundt-Bergstrom;5 Stephen Terrace;129-405-6379;mcoombec6@wikimedia.org
2110;Schmidt-Hills;7 Bluejay Drive;326-298-6746;dladdlec7@youtube.com
3000;Gerlach-Schiller;02 Evergreen Court;634-369-0072;fgainfortc8@huffingtonpost.com
2343;Koelpin, Pouros and Kuvalis;6149 Melody Avenue;461-991-7625;amcgroutherc9@twitter.com
2982;Parisian-D'Amore;5856 Farwell Parkway;645-190-2454;cbelseyca@360.cn
2415;Monahan-Shanahan;58410 Bultman Parkway;282-924-3202;rcheethamcb@ted.com
2500;Hammes, Dibbert and Christiansen;1047 Dunning Way;205-125-6691;ctschiraschecc@fema.gov
2316;Wilderman, Sporer and Rice;13126 Graceland Avenue;957-890-9958;ededomeniciscd@sourceforge.net
2994;Schoen-Bogan;73279 Onsgard Lane;336-138-7992;aprimrosece@unicef.org
2198;Graham, Hodkiewicz and Zieme;310 Norway Maple Terrace;652-341-0241;lmatzelcf@miitbeian.gov.cn
2755;Hahn Group;83058 Bluejay Junction;661-368-3243;ekinetoncg@rambler.ru
2918;Ratke-Gulgowski;01 Express Park;954-412-3295;cdykech@friendfeed.com
2430;Mills-Upton;792 Melby Street;613-713-0304;lmoatci@engadget.com
2198;Satterfield, Feest and Sipes;8 Loftsgordon Circle;512-137-0767;zgoodhaycj@yale.edu
2430;Graham-Runolfsson;44746 Fisk Terrace;586-874-4645;rrathborneck@netlog.com
2725;Boyer LLC;13322 Union Parkway;103-555-9341;fbickercl@paginegialle.it
2419;Schamberger-Fisher;64502 Forest Junction;789-914-1180;hshreevescm@home.pl
2871;Littel-Kunde;3 Myrtle Alley;752-770-5802;ccowapcn@cocolog-nifty.com
2258;Fisher and Sons;387 Anthes Hill;743-533-2528;kmacarthurco@ca.gov
2260;Morissette-Hintz;516 Cardinal Pass;970-112-7436;pdownecp@lulu.com
2437;Ziemann Inc;769 Manley Trail;840-951-2863;egoslingcq@comsenz.com
2624;Romaguera Group;7 Kedzie Park;908-697-0263;afanthamcr@51.la
2076;Barton, Baumbach and Konopelski;0104 Vidon Center;668-712-9234;sassadcs@list-manage.com
2803;Rogahn-Gibson;5 Sutteridge Center;485-575-8814;dbarnardoct@bravesites.com
2858;Runte, Johnson and Abernathy;97414 1st Street;875-731-4205;jalennikovcu@cafepress.com
2261;Stehr and Sons;40872 Vernon Alley;506-144-4460;bhoveycv@purevolume.com
2406;Roob, Schaefer and Lemke;95713 Macpherson Pass;170-895-2319;acreescw@pbs.org
2245;Veum-Thiel;793 Jackson Circle;130-519-9318;cleesoncx@bravesites.com
2311;Kshlerin-Bruen;666 Hoard Alley;288-888-8994;vdrohancy@theatlantic.com
2878;Streich, Turcotte and Kassulke;35 Golf View Center;482-928-5456;mdobrowolskicz@issuu.com
2843;Littel, Predovic and Jacobi;6 Fairview Street;527-864-2313;ddolligond0@hao123.com
2518;Miller, Wyman and DuBuque;6 Judy Drive;136-614-2707;lbaribald1@ehow.com
2409;Klocko-Jacobi;2668 Monterey Point;374-328-4455;gfitchelld2@wikia.com
2457;O'Kon and Sons;6 Hauk Park;292-805-1932;cadamthwaited3@cornell.edu
2680;Schmeler and Sons;9645 Magdeline Junction;405-901-9945;mknutsend4@acquirethisname.com
2809;Brekke, Mann and Williamson;496 Mifflin Pass;459-406-9702;kelisd5@buzzfeed.com
2810;Raynor, Wunsch and Berge;9061 Hanson Parkway;932-438-6498;dslobomd6@jalbum.net
2045;Kiehn Group;31506 Pankratz Plaza;839-896-6910;rbranstond7@mysql.com
2119;Towne-Weimann;961 Pleasure Trail;267-566-0628;hstivanid8@stanford.edu
2305;Quigley-Walsh;80375 Carioca Road;796-274-8222;kspringettd9@hao123.com
2673;McGlynn-Gerhold;2 Katie Plaza;695-987-5407;ldosedaleda@netscape.com
2962;Erdman-Schinner;974 Forest Dale Plaza;400-981-1583;griccettidb@imgur.com
2614;Kuhic-Upton;7986 Sullivan Center;364-711-2191;bofergusdc@cargocollective.com
2548;Zemlak and Sons;373 South Trail;657-824-2389;ywillerstonedd@google.nl
2175;Von, Wiza and Abshire;91 Homewood Center;806-268-4144;lheymannde@51.la
2565;Williamson-Schimmel;2414 Elgar Terrace;278-586-1553;lbrandrethdf@geocities.jp
2698;Considine LLC;27185 Kedzie Crossing;264-745-9304;cpriestleydg@businesswire.com
2028;Frami, Hintz and Waelchi;60323 Myrtle Way;590-199-8620;nburdoundh@japanpost.jp
2953;Mann, Considine and Kuhlman;1 Graceland Avenue;291-405-6020;jpechelldi@oracle.com
2092;Fritsch, Windler and Legros;00264 Texas Park;768-835-0550;rgiovannellidj@cam.ac.uk
2738;Lynch and Sons;51888 Charing Cross Park;787-216-2010;eaxelbeedk@cmu.edu
2532;Rohan, Haley and Toy;03 Mosinee Hill;448-158-2127;aclemmendl@rambler.ru
2860;Stehr LLC;03 Texas Point;904-837-8667;mdabelsdm@lycos.com
2781;Hahn, Schmeler and Muller;660 Haas Point;562-214-7545;abothamdn@bloomberg.com
2743;Hilll-Cartwright;3 Sunbrook Alley;258-821-1010;mleibolddo@mozilla.org
2049;Bauch-Hermiston;0 Corben Drive;234-990-7390;gperringtondp@google.ru
2370;Gulgowski-Barton;24 Linden Junction;361-782-5481;gguarddq@g.co
2715;Nikolaus-Stark;67070 Dennis Court;764-877-6458;dtattersfielddr@va.gov
2564;Langosh, Mayer and Wiegand;68246 Little Fleur Trail;790-296-9621;vpietrzakds@fotki.com
2417;Mayer Group;070 Rowland Hill;151-910-9549;gisleydt@webmd.com
2877;Moore Inc;13 Haas Hill;306-883-0760;ldanilenkodu@moonfruit.com
2915;Upton, Roob and Erdman;807 Blue Bill Park Circle;606-844-7032;babsolomdv@reddit.com
2042;Reinger-Considine;2 Kingsford Pass;772-377-1492;csantondw@apache.org
2001;Kreiger LLC;1 La Follette Drive;156-807-0293;hjuniperdx@dion.ne.jp
2720;Willms, Collier and Quigley;27221 Thierer Drive;596-479-9939;jarnefielddy@youtube.com
2521;White and Sons;681 Elka Plaza;392-864-7116;tchesserdz@cisco.com
2295;Herman Inc;79 Dawn Hill;107-340-3611;hsanse0@bing.com
2244;Balistreri LLC;35796 Oak Court;251-123-4749;wmadocjonese1@opensource.org
2370;Farrell Inc;39991 Darwin Drive;669-807-6089;atheakere2@utexas.edu
2429;Aufderhar and Sons;2300 Milwaukee Hill;240-561-0519;selle3@vistaprint.com
2245;Morar Inc;2 West Alley;954-418-0174;afeake4@dmoz.org
2174;Bailey LLC;873 Ridgeview Alley;957-860-4151;jongee5@privacy.gov.au
2527;Lockman, Stokes and Yost;1191 Sundown Court;246-279-0279;tarnsone6@cornell.edu
2163;Kuhic-Klein;661 Mayer Road;841-646-2235;anicee7@intel.com
2615;Cummerata, Bednar and Stiedemann;7642 Northland Crossing;892-141-6459;ahumane8@github.io
2862;Gibson-Gleichner;5609 Veith Terrace;267-436-4467;cvincke9@domainmarket.com
2391;Harvey Group;79 Cody Avenue;206-185-5180;jmartusewiczea@github.io
2406;Dickinson-Towne;3 Sherman Terrace;170-996-7512;cdutnelleb@miibeian.gov.cn
2042;Kassulke LLC;6 Packers Point;143-890-3996;ttenniswoodec@google.pl
2249;Hickle, McDermott and Hyatt;9 Coleman Terrace;462-279-5855;rcorriganed@slideshare.net
2533;Medhurst-Heidenreich;579 Bobwhite Circle;159-902-4799;ofruseree@g.co
2389;Hodkiewicz, Zulauf and Harber;87 Morning Crossing;360-521-5137;fnuttallef@pen.io
2283;Rosenbaum-Macejkovic;73663 Graedel Trail;491-305-9360;rmarchameg@oakley.com
2950;O'Kon, Gaylord and Fritsch;21506 Maryland Way;413-153-8425;shardieh@bizjournals.com
2852;Shanahan Inc;84552 Haas Drive;493-301-7931;fpillingei@weebly.com
2649;Kozey-Volkman;7 Morning Hill;488-817-5774;cskellyej@tuttocitta.it
2964;Huel and Sons;0 Del Sol Hill;723-194-1499;kgermannek@vk.com
2958;White, Hilpert and Brown;253 Claremont Place;133-453-1951;laldinsel@cdbaby.com
2970;Kunze LLC;0 Starling Court;454-403-9142;kthickensem@bbb.org
2364;Hilll, Carter and Weimann;4 Kings Plaza;532-413-1110;lhoyleen@webeden.co.uk
2882;Schamberger, Considine and Mante;5 Dwight Terrace;523-717-8395;mstarmonteo@spotify.com
2919;Gerhold, Lynch and Mann;4 Sutteridge Plaza;233-209-4426;aantonettiep@oakley.com
2084;Lynch, Hand and Schimmel;618 Kings Place;449-781-1893;aduckwortheq@paypal.com
2235;Pfannerstill and Sons;69 1st Road;756-330-6496;mhumfreyer@intel.com
2311;Stiedemann Inc;6451 Northfield Parkway;519-160-2217;ncescotes@scientificamerican.com
2806;Swaniawski, Feeney and Cormier;20855 Russell Pass;409-224-0431;carentset@senate.gov
2918;Kunze-Carroll;3 Gulseth Circle;814-699-9975;lcorryeu@businessinsider.com
2986;Bednar LLC;05273 Grim Crossing;752-458-7349;fenriettoev@amazonaws.com
2587;Hickle-Doyle;99442 Tomscot Circle;304-783-0671;gkirmanew@sbwire.com
2018;Hoppe, Morissette and O'Reilly;2950 Barby Place;940-751-8387;lpulferex@plala.or.jp
2255;Schultz-Schiller;398 Glendale Point;952-194-1094;rmacalpyneey@privacy.gov.au
2675;Dietrich Inc;4 Hoepker Circle;868-860-6798;afoshez@aol.com
2961;Ortiz Inc;6 Mayfield Center;387-810-1646;qchaldecottf0@privacy.gov.au
2279;Kozey, Leannon and Gottlieb;38726 Mosinee Trail;942-449-2530;fnorganf1@ibm.com
2872;Friesen Group;9851 Talisman Road;846-437-6083;rhuttonf2@nba.com
2500;Towne, Botsford and Smitham;11836 Vera Road;280-900-7157;rwegnerf3@wp.com
2048;Cummings, Kerluke and Effertz;5731 Coolidge Parkway;632-264-5310;bsafflef4@zdnet.com
2499;Steuber-Marvin;0226 Fuller Center;793-367-8330;rtogwellf5@e-recht24.de
2963;Kirlin Group;42 Hansons Way;742-136-4182;radesf6@skyrock.com
2219;Hartmann, Bosco and Emard;8 Arrowood Pass;921-890-2966;bbaudaccif7@toplist.cz
2367;Bins-Bruen;243 West Place;887-770-7132;bhoulstonf8@google.com
2463;Cruickshank, Lubowitz and Becker;4 Hudson Avenue;949-295-7023;mstollef9@bluehost.com
2552;McGlynn-Hills;68357 Jana Park;451-695-8552;tvasyaevfa@oakley.com
2759;Veum, Reinger and Huels;2576 Granby Point;899-639-2618;dkoeppkefb@taobao.com
2940;Schaden Group;88 Cody Avenue;303-249-8981;ghutchasonfc@seattletimes.com
2058;Dicki-Collier;81 6th Pass;801-377-6149;rluciofd@yale.edu
2602;Davis Group;679 Leroy Pass;692-361-0518;ddurnianfe@exblog.jp
2760;Kilback-Herzog;980 Crownhardt Hill;639-856-6146;bmolineff@google.de
2740;Hane and Sons;7927 Veith Court;379-359-5436;bvigarsfg@moonfruit.com
2049;Boehm Inc;075 Troy Way;448-363-9947;bcoronafh@nhs.uk
2215;Swift-Bruen;90 Gateway Place;442-785-1011;ivoletfi@etsy.com
2773;Rogahn, Schimmel and Barton;047 Banding Crossing;842-215-1203;sgiraudotfj@admin.ch
2454;Kuphal, Schamberger and Reichel;52217 Fulton Center;868-892-2978;slandegfk@state.gov
2740;Lubowitz, Deckow and Torphy;8 Mosinee Lane;980-518-8583;tgoldspinkfl@senate.gov
2251;Mertz-Bednar;674 Russell Point;198-539-3734;wstebbinfm@wufoo.com
2396;Jast-Goodwin;73 Mallard Park;717-127-4417;schittiefn@creativecommons.org
2045;Morissette-Cummings;92399 Green Ridge Way;746-415-2190;rcusackfo@edublogs.org
2073;Prosacco-Monahan;29754 Summerview Center;975-959-6275;bfarmarfp@booking.com
2456;Cronin, Hickle and Franecki;5 Ridgeway Center;706-509-1652;chirjakfq@tinypic.com
2325;Pagac-Kirlin;25811 Cordelia Trail;862-930-5857;kwhittlesfr@twitpic.com
2323;O'Conner, Boyle and Botsford;5 Springview Road;904-507-7526;hsmogurfs@barnesandnoble.com
2044;Beier, Zulauf and Steuber;1 Weeping Birch Street;281-731-1085;dflemmingft@wordpress.com
2505;Morar, Wisozk and Turcotte;9416 Lighthouse Bay Hill;648-421-8820;mhopkinsfu@independent.co.uk
2943;Gusikowski-Denesik;8 Crowley Trail;704-232-0277;smularkeyfv@omniture.com
2127;Mante LLC;96488 Sommers Pass;967-526-4921;cbunnerfw@myspace.com
2818;Hermiston, McDermott and Wisozk;1 Oxford Circle;875-209-0092;afredifx@github.io
2798;Auer-Nicolas;95 Oneill Court;928-638-3497;mmacairtfy@cpanel.net
2439;Mayer, Bartell and Jacobson;32905 Hoard Terrace;950-554-8203;mblakefz@bloomberg.com
2733;Mertz Inc;9 Shelley Circle;175-608-2971;mexelbyg0@topsy.com
2053;Ryan, Crist and Howell;43626 Bluestem Trail;426-540-4233;msculleyg1@t.co
2360;Schumm Inc;1316 Maywood Street;190-557-6091;bgadesbyg2@npr.org
2807;Gulgowski, Macejkovic and Hammes;46805 Stuart Junction;859-133-0795;mbasnettg3@ow.ly
2994;Hintz-Spinka;48 Forest Run Center;689-649-4543;pelingtong4@zimbio.com
2816;Thompson Group;8555 Waubesa Drive;198-887-5786;mheaphyg5@java.com
2811;Gislason-Armstrong;3963 Delladonna Point;554-894-7246;alapworthg6@oracle.com
2893;Reilly and Sons;62 Spohn Terrace;606-874-3996;wwoolnoughg7@cbc.ca
2642;Welch, Luettgen and Nikolaus;4251 Hudson Plaza;218-147-6826;mglasspooleg8@ucoz.ru
2939;Barrows-Schuppe;306 Pine View Alley;425-609-0264;thaylockg9@apache.org
2595;Moen, O'Reilly and Boehm;16465 Dakota Road;154-472-6923;fklinckga@nhs.uk
2163;Kertzmann-Schumm;9200 Reinke Park;360-777-9518;lshentongb@illinois.edu
2072;Beahan-Rohan;82092 Northview Circle;117-735-8320;hhastlergc@webeden.co.uk
2781;Luettgen Group;5 Dapin Plaza;938-327-0996;hdutnellgd@weibo.com
2799;O'Reilly, Klein and Blick;0 Derek Point;343-998-4489;troppge@storify.com
2974;Roob, Brakus and Lesch;8057 Esch Hill;181-667-2345;medgesongf@parallels.com
2119;Bogan, Kreiger and Thiel;75688 Lake View Lane;214-670-1833;bludlemgg@nytimes.com
2782;Gerlach Group;5 Hauk Point;525-706-2863;aliddardgh@walmart.com
2366;Bechtelar-Thiel;5 Swallow Pass;825-501-2931;gberkowitzgi@myspace.com
2103;Stokes LLC;4844 Mallory Place;831-450-7641;kproppersgj@auda.org.au
2725;Hackett-Emmerich;1 Lakeland Parkway;853-576-4275;ecarvillegk@mit.edu
2704;Gaylord, Kshlerin and Graham;981 Steensland Avenue;977-274-3578;cgiriardelligl@live.com
2016;Ziemann-Hilpert;79213 Commercial Center;466-923-8828;nsaywardgm@free.fr
2095;Bergstrom-Schowalter;67237 Lotheville Terrace;361-471-0431;djakubowskign@reddit.com
2280;McClure-Gutmann;8751 Eliot Trail;108-557-8386;mfishleighgo@ifeng.com
2447;Reynolds Group;19 Gerald Alley;237-184-0359;psturrgp@twitpic.com
2296;Zieme-Fadel;050 Merrick Avenue;517-258-8182;abyrkmyrgq@shutterfly.com
2254;Schiller-Hickle;6909 Coolidge Hill;730-500-9200;fnisbithgr@behance.net
2216;Nicolas, Bauch and Pollich;2173 Cordelia Alley;519-288-4228;vsirettgs@youku.com
2236;Ernser-Nolan;23376 Huxley Parkway;918-985-0147;khuorticgt@dot.gov
2651;Jacobs-Rippin;26381 Jay Junction;249-234-3202;amallinsongu@newsvine.com
2234;Kshlerin Inc;1 Burning Wood Center;319-935-1765;asandallgv@liveinternet.ru
2904;Hegmann-Hackett;59 Gale Terrace;106-588-9948;bmatschekgw@typepad.com
2317;Harber LLC;18 Warner Place;505-484-2544;bcomberbachgx@yahoo.co.jp
2617;Fadel-Trantow;50 Nancy Parkway;275-598-7151;vandrockgy@boston.com
2034;Kautzer-Schiller;00843 Sutherland Park;809-328-6878;vrunnallsgz@stumbleupon.com
2822;Walsh LLC;95 Buena Vista Hill;294-193-8130;bpogeh0@free.fr
2810;Rice, Sporer and Kulas;0613 Old Gate Terrace;691-181-7723;vgorlerh1@tamu.edu
2788;Haag-Klocko;14 Eagan Avenue;270-345-1666;dherleyh2@cdc.gov
2822;Sporer, Bogan and Corkery;1 Lien Crossing;766-551-5768;tpeaurth3@paypal.com
2981;Conroy-West;28 Badeau Place;677-483-0765;ebucklerh4@wisc.edu
2549;Auer-Feest;95 School Park;518-680-1377;mstigglesh5@gravatar.com
2186;Roberts Inc;0 Glendale Center;588-796-2080;elervenh6@latimes.com
2174;Krajcik Group;5647 Hazelcrest Junction;956-169-2445;svearth7@youku.com
2782;O'Reilly-Ward;77 Pierstorff Court;389-707-0109;rcammish8@theglobeandmail.com
2487;Pagac-Conn;38274 Laurel Parkway;279-795-5201;bgoeffh9@wiley.com
2429;Stokes and Sons;8680 Heffernan Junction;398-178-1516;mhannyha@usda.gov
2259;Lueilwitz-Bernier;49 Delaware Avenue;151-226-2251;lhammermanhb@163.com
2843;Wisozk-Franecki;57037 Colorado Way;316-825-6260;ikelsallhc@archive.org
2349;Schinner-Legros;7894 Johnson Alley;917-637-5199;ddymenthd@netlog.com
2652;Fritsch-Champlin;55 Springs Road;158-707-8354;tbecketthe@photobucket.com
2189;Hamill, Walter and Barrows;63892 Beilfuss Avenue;751-304-3370;nschulehf@uiuc.edu
2859;Nitzsche, Paucek and Senger;02310 David Point;107-483-0183;jwerrithg@drupal.org
2683;Anderson, Feeney and Heaney;91730 American Pass;778-660-3274;crycrafthh@alexa.com
2747;Kshlerin, Kreiger and Frami;54537 Maple Drive;297-818-9504;rbassetthi@bloglines.com
2494;Gulgowski, Strosin and Towne;361 Coleman Trail;341-749-7750;htuehj@wunderground.com
2325;Kohler, Stiedemann and Nienow;7334 Lake View Hill;108-319-5517;vbodycombehk@dell.com
2907;Rempel Inc;331 Eagle Crest Circle;637-294-6189;sdidomenicohl@xrea.com
2666;Weissnat Inc;670 Tennessee Hill;375-767-4088;mhatchmanhm@booking.com
2101;Harris and Sons;7 Longview Parkway;539-542-4885;pfyneshn@answers.com
2166;Haag-Kessler;0 4th Hill;400-670-8524;porredho@chron.com
2905;Spencer Group;0 Tomscot Parkway;784-659-3663;hcoatmanhp@cnn.com
2459;Ullrich-Muller;587 Valley Edge Crossing;156-415-8886;dmorrisseyhq@alexa.com
2072;McClure-Hagenes;29 Sauthoff Drive;685-516-7366;mtalloehr@youtube.com
2902;Howe LLC;41 Lien Place;265-424-4924;caleksashinhs@myspace.com
2818;Auer LLC;2825 American Court;546-878-2069;iberniht@deviantart.com
2469;Schuppe-McKenzie;6632 Meadow Vale Way;291-383-9193;scavanaghhu@flickr.com
2589;Nicolas, Johnston and Powlowski;42389 Thompson Court;848-302-5067;ebrickhillhv@archive.org
2384;Bayer, MacGyver and Kshlerin;410 Macpherson Hill;477-964-4966;jsmallpeacehw@cbsnews.com
2367;Ebert, Wilkinson and McCullough;7825 Namekagon Pass;878-980-2701;foilierhx@hatena.ne.jp
2417;Stark-Stracke;5 Commercial Avenue;820-500-0320;cosbornhy@howstuffworks.com
2357;Bernier Inc;76 Larry Parkway;304-987-4846;vminicohz@feedburner.com
2544;Russel-Koss;7948 Redwing Alley;324-178-5722;scossumi0@columbia.edu
2563;Schmitt-Ruecker;7 Russell Trail;808-723-5673;mpettoi1@independent.co.uk
2597;Effertz-Ebert;977 Raven Place;912-275-4039;cchatenieri2@npr.org
2321;Spinka-Bartoletti;7544 Talisman Road;502-426-0850;mlabordai3@tripadvisor.com
2578;Satterfield-Sporer;0478 Carey Park;664-304-5436;tfiddimani4@admin.ch
2940;Stoltenberg, VonRueden and Rogahn;6 Northport Terrace;720-100-4585;hpettegrei5@discuz.net
2233;Hills and Sons;342 Sundown Plaza;309-358-8929;gstarbecki6@elpais.com
2487;Wiza, Jenkins and Cartwright;9134 Haas Circle;426-516-2252;mbetzi7@vk.com
2113;Ryan-Heaney;68928 Pond Place;180-511-3026;fkolakovici8@netlog.com
2592;Ward-Moore;369 Thierer Place;965-279-4523;vgiacobinii9@arstechnica.com
2934;Klein, Kozey and Schaefer;6 Eggendart Crossing;263-873-7569;cjuaresia@nyu.edu
2026;Tremblay-Koelpin;0 Swallow Court;378-612-6555;shorstedib@prnewswire.com
2105;Mills, Homenick and Quigley;74897 Kennedy Way;206-951-6169;csimisonic@freewebs.com
2302;Bruen-Blanda;494 Erie Court;541-764-1421;aleeburneid@twitter.com
2928;Parker and Sons;77274 Hauk Crossing;428-741-7545;llyfeie@java.com
2913;Beahan-Anderson;489 Prairieview Street;395-104-7046;socrottyif@un.org
2701;Hayes-Kuhic;51 Rowland Way;442-906-6177;kamesig@ucla.edu
2858;Roberts, Moore and Nikolaus;3501 Dexter Point;574-999-3458;dwindasih@globo.com
2556;Doyle, Kuphal and Roberts;8686 Milwaukee Avenue;686-985-3557;szienkiewiczii@indiegogo.com
2398;Murphy and Sons;61112 Ruskin Street;999-306-0538;spolhillij@japanpost.jp
2304;Rempel-Purdy;95 Kropf Drive;463-579-7628;dkelseyik@plala.or.jp
2792;Miller-Lehner;7093 Monument Circle;219-802-4271;cpirdueil@so-net.ne.jp
2640;Wilderman LLC;73 Twin Pines Trail;567-524-0736;tmacgiollaim@amazon.de
2235;Will Group;35 Katie Alley;598-559-7629;ltymin@goo.ne.jp
2967;Heaney and Sons;70807 Washington Road;902-543-9543;bmottio@npr.org
2753;Klocko and Sons;1179 Dahle Junction;752-865-8341;amcmeekingip@w3.org
2410;Daugherty Group;448 Dahle Parkway;218-329-3022;bbuggiq@nih.gov
2724;Ritchie, Boehm and Bednar;929 Hoepker Point;265-221-4078;cloblieir@ebay.co.uk
2778;Wuckert, Lehner and Reichel;97039 Columbus Plaza;310-466-5363;adenisyevis@tmall.com
2842;Doyle, Gerhold and Reichert;7 Buhler Park;763-617-4218;mgleadleit@studiopress.com
2072;Kshlerin Inc;29774 Old Shore Road;896-358-6313;betridgeiu@cocolog-nifty.com
2145;Kreiger Group;1 Trailsway Street;659-586-3478;acleughiv@dmoz.org
2061;Koepp-Krajcik;172 Cardinal Court;562-382-8881;ztroilletiw@mozilla.org
2693;Fay, Bednar and Kshlerin;19005 Kingsford Parkway;886-910-0844;zmccardix@artisteer.com
2665;Grady, Corwin and Gerlach;0897 Ohio Plaza;518-465-9801;cdringiy@timesonline.co.uk
2294;Pfeffer-Effertz;1 Northview Park;232-786-3507;farniiz@nih.gov
2533;Larson-Flatley;70 Mccormick Place;449-613-5107;idenzeyj0@nbcnews.com
2584;Daugherty, Kilback and Heller;519 Hayes Place;717-631-0830;wshirerj1@php.net
2964;Champlin-D'Amore;5 Weeping Birch Alley;211-371-1451;growlinsonj2@engadget.com
2379;Welch-Wisoky;4 Bunting Alley;162-104-5196;oyeardsleyj3@dyndns.org
2051;Grimes Inc;1 Rutledge Place;362-571-5675;tzupaj4@omniture.com
2584;Hansen Inc;7 Forest Run Alley;229-951-3394;dbeechcraftj5@tripadvisor.com
2945;Schaefer Inc;64852 Maywood Court;653-456-4041;gpenhallj6@zdnet.com
2878;Pfeffer-Swift;4027 Kensington Point;907-764-0824;gisleyj7@sakura.ne.jp
2623;Lehner, Swaniawski and Weber;2584 Hanson Road;543-896-6442;lglendenningj8@chron.com
2012;Bartoletti, Brekke and Johnston;3155 Walton Plaza;867-463-1460;cmarcamj9@msn.com
2666;Morissette Group;56645 Mesta Pass;523-457-1690;smaffezzolija@hugedomains.com
2650;Mante Inc;3 Manitowish Junction;164-506-6495;cdorejb@usgs.gov
2705;Conroy, Collins and Barton;65140 Schurz Terrace;263-632-7569;nnealonjc@cbsnews.com
2082;Rath, Bartell and Dickens;7246 Gerald Avenue;705-265-0958;wjuzajd@mozilla.org
2029;Cruickshank, Lebsack and Nienow;80 Onsgard Street;436-999-3399;mdejuaresje@fastcompany.com
2298;Runolfsdottir-Bruen;9432 Stone Corner Pass;265-513-1015;qsnapjf@chronoengine.com
2056;Bailey-Kozey;9 Talisman Place;231-406-5479;aantonsenjg@pinterest.com
2951;Purdy Inc;290 Moose Road;935-889-7510;obeauvaisjh@mayoclinic.com
2982;Feil, Walter and Satterfield;19383 Grover Place;761-430-1721;mhaquinji@tuttocitta.it
2039;Paucek-Aufderhar;9 Fisk Center;864-475-7559;eboughtonjj@theguardian.com
2485;Champlin LLC;2 Lunder Drive;499-296-1029;leustacejk@addtoany.com
2879;Hermann-Dickinson;69473 Ronald Regan Junction;384-712-7795;vgrutejl@blogs.com
2741;Osinski Group;5 Doe Crossing Alley;756-472-0383;pshiresjm@blogger.com
2743;Jenkins and Sons;84 Drewry Road;530-152-3172;hglasardjn@1688.com
2201;Howe, Murazik and Leuschke;04602 Upham Road;387-743-4706;hgrentjo@ed.gov
2152;Deckow, Paucek and King;6274 Golden Leaf Pass;490-377-6234;rleedaljp@fotki.com
2187;Rogahn-Schmeler;457 Everett Drive;973-607-1920;hjakemanjq@slashdot.org
2628;Schmidt Group;86 Schmedeman Crossing;210-450-7624;irostronjr@arstechnica.com
2570;Schaden, Runolfsson and Walker;887 Little Fleur Point;671-652-9993;qbartoccijs@xinhuanet.com
2226;Marks-Auer;04 Laurel Drive;783-335-7208;dhastwalljt@ebay.com
2304;Hintz, Schulist and Deckow;057 Ohio Terrace;897-997-7878;sbartotju@addthis.com
2866;DuBuque, Koepp and Runolfsson;9035 Autumn Leaf Avenue;311-835-0766;mdartejv@msn.com
2303;Haley, Hammes and Kilback;4486 Little Fleur Place;523-858-9039;twincomjw@1und1.de
2373;Howe-Maggio;72558 Bartillon Drive;353-187-5417;cirvingjx@sakura.ne.jp
2388;Borer-Bradtke;25860 Kings Way;589-320-1461;gigguldenjy@microsoft.com
2662;Kshlerin, Langworth and Spencer;437 Burrows Circle;281-602-9765;cpollokjz@hc360.com
2013;Mohr Inc;0 Sutteridge Point;620-561-5420;lglowaczk0@angelfire.com
2645;Cremin-Olson;51 Magdeline Alley;561-469-0108;romullenk1@hao123.com
2740;Trantow Group;11426 Green Street;313-493-5818;gmillwallk2@java.com
2951;Willms, Veum and Hackett;8992 Rockefeller Street;545-507-9901;mhunnablek3@miitbeian.gov.cn
2771;Daugherty, Parisian and Willms;74586 Crescent Oaks Lane;920-684-2422;lspybeyk4@indiegogo.com
2173;Farrell-Yost;640 Killdeer Alley;739-709-6421;abloxsomek5@pcworld.com
2676;Nicolas, McCullough and Larson;308 Rowland Point;774-430-8736;afashamk6@tmall.com
2232;Rohan and Sons;6488 Almo Hill;559-442-3704;ogrcick7@cbsnews.com
2407;Emmerich, Haley and Frami;2 Starling Place;749-359-5620;opetersk8@cdc.gov
2458;Lesch LLC;8 Bellgrove Terrace;351-936-5454;cslowcockk9@ucoz.com
2125;Gutmann-Hyatt;0891 Crownhardt Center;460-259-2372;cgimbletka@patch.com
2554;McGlynn Inc;880 Hanover Plaza;123-183-9137;cotteekb@webmd.com
2396;Boyle Group;19947 Maple Plaza;323-995-1794;lneleskc@free.fr
2330;Swaniawski-Klocko;69 Anniversary Parkway;640-126-8558;scharkhamkd@seattletimes.com
2927;Senger LLC;82277 Clemons Park;807-155-1188;rtrevethanke@reverbnation.com
2370;Cartwright and Sons;2451 Elgar Terrace;616-722-0391;bjoretkf@examiner.com
2331;Fahey LLC;505 Walton Place;163-157-5519;gjeskinskg@eventbrite.com
2101;Toy LLC;548 Becker Park;298-528-9591;jredkh@twitpic.com
2461;Rosenbaum, Ullrich and Halvorson;3 Florence Circle;660-284-3939;ngreirki@dropbox.com
2009;MacGyver, Smith and Kovacek;388 Alpine Street;313-494-3225;rhamblingkj@nifty.com
2349;Raynor-Klocko;4 Burning Wood Place;962-671-6885;pfaltskogkk@adobe.com
2771;Jacobs-Klocko;6455 Red Cloud Street;867-557-4918;acapenorkl@unblog.fr
2126;Metz-Grady;4 Merchant Hill;371-820-0786;kcampbelldunlopkm@youtube.com
2968;Reinger, Collins and Kris;217 Debra Alley;835-912-5954;efettiplacekn@nature.com
2114;Nikolaus-Koepp;71243 Corben Alley;321-274-1621;swenmanko@uol.com.br
2453;Turcotte-McGlynn;8241 Walton Point;604-799-7895;hborgnetkp@gravatar.com
2111;Feil, Gottlieb and Auer;8 Brickson Park Place;171-933-5949;sandrzejczakkq@constantcontact.com
2049;Schuster LLC;98692 Rutledge Avenue;790-521-6725;cjanowskikr@smh.com.au
2057;O'Connell, Brakus and Hamill;943 Haas Street;454-820-0395;kcrackelks@mozilla.org
2365;Jakubowski, Hammes and Abshire;0830 Mcguire Drive;480-338-1144;kshaeferkt@miitbeian.gov.cn
2973;Luettgen-Dietrich;36 Judy Alley;699-709-7629;tdilkesku@ted.com
2653;Kautzer-Bergnaum;49 3rd Center;435-342-0278;oeymorkv@tuttocitta.it
2177;Feest-Kris;829 Havey Alley;978-590-4030;rhearekw@purevolume.com
2209;Marvin-Hilll;176 Talisman Lane;513-283-1708;jmacsherrykx@upenn.edu
2693;Weimann, Stracke and Padberg;94103 Chinook Hill;621-760-9324;lfooteky@wordpress.com
2559;Conroy LLC;375 Hintze Parkway;223-150-1193;bgrassickkz@pcworld.com
2579;Gibson Inc;90 Pond Pass;423-464-7184;hmassinghaml0@huffingtonpost.com
2527;Wisoky-Jacobson;84373 Lakewood Gardens Circle;810-215-3550;aspedronil1@ucsd.edu
2408;Hahn, McGlynn and Hoppe;309 Main Circle;976-105-5495;esandysl2@usatoday.com
2788;Anderson and Sons;2 Cody Center;684-320-6317;fvallancel3@sourceforge.net
2577;Ratke-Donnelly;0726 Stoughton Court;355-277-6159;hwindridgel4@stanford.edu
2965;Kunze, Jacobson and Hagenes;7651 Duke Parkway;984-229-8477;ehalfacreel5@bravesites.com
2532;Schumm-Jacobi;433 Mosinee Junction;396-670-5160;delegoodl6@weather.com
2022;Wolff, Brakus and Bechtelar;45 Buena Vista Terrace;485-101-1528;ebuxaml7@google.com.br
2431;Barrows-Huel;41 Eagan Park;527-570-5473;etreffryl8@amazon.com
2862;Koch LLC;862 High Crossing Circle;769-138-9816;kkarlolakl9@unicef.org
2118;Mueller LLC;0 David Point;908-741-1911;tmattersleyla@latimes.com
2547;Sporer, Veum and Deckow;6 Hintze Plaza;189-482-4808;dmcquodelb@webnode.com
2622;Goldner Group;03 Beilfuss Trail;750-462-9085;iuvedalelc@youtu.be
2531;Hintz-Kertzmann;85 Morningstar Alley;685-871-0284;agurlingld@tinyurl.com
2732;Lehner, Beatty and Langosh;20 Merry Road;371-947-3540;tblennerhassettle@bizjournals.com
2187;Beatty-Bahringer;87 Eagle Crest Center;992-854-8618;dpolaklf@google.it
2567;Dickens Inc;0 Melvin Hill;605-268-6288;wnaptonlg@yandex.ru
2703;Hickle Group;9123 Dexter Circle;330-164-2107;rsalernolh@parallels.com
2337;Runolfsdottir LLC;11 Bonner Crossing;134-604-9109;smichelli@cafepress.com
2790;Kirlin-Mayer;7 Monument Place;440-822-0128;krosonilj@google.com.hk
2863;Hettinger and Sons;638 Mayer Park;845-397-8054;mpedrolk@paypal.com
2430;Kohler-Reinger;62408 Carioca Hill;644-489-5982;hwraxallll@ehow.com
2029;Corkery, Fahey and Labadie;7 Luster Street;621-271-9348;asalmonlm@edublogs.org
2950;Williamson-O'Keefe;34096 Blackbird Street;835-532-0559;rrobeln@infoseek.co.jp
2680;Homenick Inc;38 Bunting Place;391-554-5632;nfrancislo@yahoo.com
2955;Hintz-Parker;15 Crest Line Pass;203-560-5349;chickissonlp@squarespace.com
2849;Shanahan Group;8 Westerfield Place;349-756-3690;jjacobowitzlq@discovery.com
2319;Donnelly and Sons;3206 Merchant Road;768-557-7932;obeggslr@cyberchimps.com
2862;Miller-Padberg;32 Del Mar Pass;464-979-9181;njeandetls@elegantthemes.com
2342;Rippin Inc;087 North Trail;435-948-3796;aaucuttlt@arstechnica.com
2141;Schaden and Sons;812 Corben Junction;931-411-8902;sbenoitlu@squidoo.com
2699;Stroman LLC;1 Emmet Center;464-589-9051;jlimericklv@mlb.com
2254;Renner Inc;69141 Moose Crossing;563-131-6792;bwindaslw@mozilla.com
2565;Feeney-Lueilwitz;0014 Pierstorff Circle;303-233-9248;rfoyneslx@ocn.ne.jp
2099;Waelchi Group;0 Cody Parkway;310-609-4663;nteressely@so-net.ne.jp
2817;Schaden, Ullrich and Price;827 Tony Point;390-704-1898;mpercifulllz@pagesperso-orange.fr
2664;DuBuque-Maggio;5047 Tennessee Junction;104-558-9221;kmyerscoughm0@walmart.com
2991;Schaden Inc;7 Clarendon Plaza;343-624-7161;efratsonm1@acquirethisname.com
2857;Feeney-Willms;1 Del Sol Crossing;839-140-9423;cbarnhartm2@tinypic.com
2168;Gleichner-Frami;73 Moland Drive;480-113-9600;aburgumm3@gizmodo.com
2572;Mills LLC;7 Golden Leaf Center;884-481-1769;crapem4@jimdo.com
2839;Jerde-Kuphal;341 Lawn Point;266-996-4030;slibbym5@nationalgeographic.com
2373;Cole, Corkery and Wolf;0 Buena Vista Court;698-324-4598;dstenninem6@pinterest.com
2771;Schaefer-Reynolds;7 Holy Cross Road;591-509-7348;cheadrickm7@ebay.com
2453;Jacobs, Johnston and Kunze;19 Grim Court;663-672-1552;lkarlowiczm8@japanpost.jp
2006;Jakubowski Inc;44620 Mcguire Pass;528-853-4695;kmeneom9@gov.uk
2850;Kuhn, Gislason and Green;57458 Waxwing Lane;347-438-9871;jhuytonma@livejournal.com
2888;Stoltenberg-Hane;01153 Pearson Hill;621-584-7402;mthowmb@unblog.fr
2501;Towne, Beatty and Fahey;1783 Dapin Hill;402-655-2932;kosbanmc@walmart.com
2588;Pacocha-Funk;53471 Dryden Center;307-614-0705;mstotermd@cbsnews.com
2286;Anderson, Lubowitz and Carroll;1005 Sloan Trail;473-901-7823;rrediersme@skype.com
2632;King-Johnston;5 Waxwing Parkway;112-739-5390;jbrydiemf@arstechnica.com
2546;MacGyver Group;97 Novick Court;160-706-6534;cwaggattmg@wikia.com
2440;Gibson Inc;03200 Sachtjen Circle;945-412-2103;agraysmarkmh@mozilla.org
2259;Powlowski, Deckow and Pacocha;87785 Merry Lane;307-887-0773;squinnellmi@ftc.gov
2928;Schmitt-Medhurst;88 Banding Court;117-321-3545;pfitzgibbonmj@jalbum.net
2120;Medhurst-Ritchie;23963 Kenwood Court;454-538-7857;aramalhomk@google.es
2727;Gibson Inc;18 Lindbergh Way;803-103-3728;kleamonml@weebly.com
2394;Lindgren-Mohr;681 Dwight Center;818-347-7082;labbyssmm@arizona.edu
2820;Denesik-Orn;5 Garrison Parkway;366-325-4673;wpythonmn@w3.org
2321;Jaskolski, Mosciski and Beatty;444 Judy Trail;627-871-4838;shesbrookmo@mac.com
2011;Donnelly, Dare and Towne;46 Dakota Trail;925-835-0145;imartuginmp@bbb.org
2851;Johnston, Turner and Littel;9 Trailsway Parkway;571-125-4091;vgingelmq@w3.org
2344;Blanda-Monahan;503 Sachtjen Place;143-497-6133;gogroganemr@npr.org
2025;Roob LLC;81 Northview Place;630-389-8600;ngooddiems@godaddy.com
2190;Kihn, Bernhard and Langosh;1878 Kinsman Place;793-716-9451;jrobetmt@ezinearticles.com
2094;Weimann, Pagac and Bradtke;84 Spenser Plaza;376-920-9405;bgaynesmu@utexas.edu
2292;Waters, Lind and Schimmel;384 John Wall Avenue;210-443-9932;rrowlandmv@fotki.com
2214;Feeney Group;142 Heath Drive;522-773-7079;ydanigelmw@un.org
2746;Ortiz-Conn;24 Northland Pass;611-281-5201;pstockfordmx@nbcnews.com
2994;Jaskolski Group;77 Fuller Road;117-665-6392;fpleasantsmy@mozilla.com
2301;Braun-Gleason;20210 Transport Park;918-961-0368;ccrummymz@comsenz.com
2180;Green, Metz and Moen;4 Delaware Terrace;946-635-2081;lmedlinn0@senate.gov
2517;Strosin, Turcotte and Franecki;36 Fairfield Parkway;198-696-8260;mspitelln1@com.com
2905;Hartmann, Stiedemann and Bednar;9 Roth Pass;617-790-0056;jblaasen2@va.gov
2849;Franecki Inc;4138 Hauk Street;437-912-3479;agillsonn3@i2i.jp
2875;Stokes, Heathcote and Donnelly;14 Carpenter Street;796-499-9574;ajamotn4@icq.com
2495;Walsh-Mayer;1309 Kings Center;444-796-1699;tfrouden5@dyndns.org
2166;Botsford, Stamm and Brown;000 Johnson Trail;706-408-1045;cstuchberryn6@weebly.com
2449;Herzog-Abshire;695 Veith Center;512-677-8259;bdesortsn7@rediff.com
2350;Feeney and Sons;0374 Ruskin Pass;928-164-7297;ipipern8@theguardian.com
2461;Schaden-Schowalter;4246 Independence Trail;151-814-4571;sblasdalen9@bbc.co.uk
2614;Nolan, Ebert and Kiehn;94222 New Castle Way;965-313-1296;mcleerena@barnesandnoble.com
2757;Quigley-Parisian;09 Melvin Trail;794-859-7640;rarmatysnb@ft.com
2701;Dooley, Lang and Simonis;082 Northwestern Parkway;228-713-9394;sshawlnc@google.ca
2167;Gerlach, O'Kon and Reynolds;054 Walton Terrace;450-149-4067;agodridgend@patch.com
2773;Abshire-Stark;25 Mcbride Court;711-270-2092;kbrodwayne@scribd.com
2930;Mayer-Wisoky;63775 Glacier Hill Alley;353-642-9230;rlillecropnf@princeton.edu
2146;Rosenbaum, Gorczany and Crist;00774 Hauk Point;548-346-3395;ssaylorng@ox.ac.uk
2951;Hackett-Stanton;91691 Lotheville Avenue;102-878-5155;khaliburtonnh@forbes.com
2129;Zieme Group;1730 Londonderry Center;704-867-8124;cgarbuttni@exblog.jp
2529;Koch, Smith and Bahringer;0 Jay Circle;893-483-3533;mbefroynj@ucsd.edu
2677;Hackett and Sons;59475 Continental Place;990-583-7863;hmableynk@joomla.org
2327;Heathcote, Hintz and Kautzer;01419 Garrison Alley;942-611-7848;rcuretonnl@barnesandnoble.com
2088;Labadie, Steuber and Langworth;758 Hazelcrest Hill;503-658-6402;ablabbernm@gov.uk
2241;Emard-Morar;555 Bay Junction;334-812-0035;egristnn@people.com.cn
2075;Fisher-Marvin;61915 Petterle Circle;780-996-4206;mgamellno@bandcamp.com
2718;D'Amore, Hauck and Maggio;9701 Novick Park;239-225-6600;lmckernonnp@virginia.edu
2523;Lebsack Group;31821 Grasskamp Junction;690-375-9113;hfeckeynq@cmu.edu
2166;Schinner, Schaden and Gislason;3 Daystar Pass;161-221-6937;mabbienr@ihg.com
2198;Herzog-Schneider;74 Laurel Crossing;522-688-8243;eskivingtonns@discuz.net
2264;Rohan-Schoen;267 Upham Street;796-428-4075;tdreusnt@acquirethisname.com
2086;Batz Group;22 Emmet Pass;591-320-5234;jpymernu@ameblo.jp
2286;Bode Group;39218 Porter Trail;905-232-7575;gmidnernv@sfgate.com
2542;Conroy, Waelchi and Muller;10 Trailsway Point;537-794-0910;bpaleynw@dion.ne.jp
2967;Monahan-Torphy;42378 Magdeline Circle;467-867-7445;jstraunnx@freewebs.com
2547;Ritchie, Waelchi and Russel;61 Elka Center;485-793-0772;drussny@accuweather.com
2385;Lockman, Brekke and Schuppe;9214 Springview Plaza;952-203-2215;jpavettnz@list-manage.com
2334;Reichel-Borer;8833 Paget Drive;827-832-4018;gdanielo0@archive.org
2626;Ward-West;9 Evergreen Pass;447-146-1217;kfazakerleyo1@soundcloud.com
2982;Wiegand and Sons;8 Arapahoe Place;766-780-2326;ebrowero2@nps.gov
2311;D'Amore, Lemke and King;060 Harper Avenue;586-589-0946;acordieo3@naver.com
2306;Gerhold, Kiehn and Bechtelar;81 Butterfield Terrace;780-218-7658;msudrono4@weather.com
2252;Bins-Weber;494 Hanover Terrace;765-747-1916;nzamoranoo5@sourceforge.net
2031;Rempel-Parker;26839 Magdeline Park;748-973-8375;eeixenbergero6@archive.org
2249;Wolf, Hansen and VonRueden;38759 Larry Crossing;289-929-1017;csidleo7@phoca.cz
2594;Kassulke, Kreiger and Weimann;58224 Thompson Center;953-456-1626;rbetoniao8@cargocollective.com
2651;Murphy LLC;34443 Cottonwood Parkway;210-701-4487;sharioto9@unicef.org
2436;Schimmel Inc;61903 Browning Terrace;844-534-6760;ptallonoa@ocn.ne.jp
2130;Stracke Group;1923 Hauk Court;706-666-3081;hhedylstoneob@bluehost.com
2910;Bauch Group;59 Ramsey Drive;417-868-8026;gberardoc@ox.ac.uk
2027;Daniel, Simonis and Langosh;9326 Johnson Trail;874-212-1352;tklausenod@amazonaws.com
2966;Jacobs-Ebert;17480 Ridgeway Terrace;472-430-3360;gmiddlehurstoe@home.pl
2688;Mosciski LLC;2131 Esch Crossing;777-772-5688;dgronewayof@paginegialle.it
2419;Mraz-Haag;9 Service Point;319-820-7121;smengueog@techcrunch.com
2569;Beahan, Bode and Bauch;6 Novick Avenue;122-568-3741;kkelletoh@baidu.com
2832;Hegmann-Fisher;9 Graceland Hill;610-981-8710;bleachmanoi@ucsd.edu
2854;McLaughlin, Howe and Schaefer;166 Straubel Place;990-602-8488;rleggottoj@delicious.com
2275;Hahn, Schuppe and Runolfsdottir;4 Saint Paul Hill;754-804-1354;jstifeok@skyrock.com
2699;Stracke LLC;31 Hanson Lane;810-305-1822;ifugeol@goodreads.com
2642;Ward-Rowe;921 Banding Park;657-854-4950;ebarshamom@go.com
2250;Roberts and Sons;0 Farragut Park;365-921-4622;reliassonon@netscape.com
2575;Yundt Group;8099 Porter Lane;243-384-9197;draigattoo@cnet.com
2726;Tillman-Mraz;8705 Kennedy Park;492-910-5716;bhathwayop@google.com.hk
2666;O'Conner and Sons;07862 Mandrake Point;717-469-3448;afibbingsoq@paginegialle.it
2655;Green-Herman;14 Manufacturers Park;172-614-5923;cmustardor@1und1.de
2964;Funk, Kiehn and Muller;155 Tennyson Street;907-382-0943;lcalveleyos@jugem.jp
2651;Walker LLC;17 Merry Plaza;323-848-1516;bchamberlenot@liveinternet.ru
2906;Gerhold, Lemke and Emmerich;9384 Londonderry Way;532-320-6315;tbutnerou@dagondesign.com
2349;Turner LLC;83116 John Wall Street;892-557-0163;cpoutonov@eepurl.com
2656;Stroman, Bernier and Abbott;19839 Cherokee Court;662-307-1916;tlockeow@psu.edu
2541;Lind Inc;2097 Golf Trail;349-225-0284;abreconox@clickbank.net
2969;Deckow, Hand and Lindgren;79 Monica Trail;527-917-8222;csevernoy@webeden.co.uk
2750;Green Group;41999 Shopko Plaza;841-571-7375;jlockyearoz@example.com
2685;Morar-Schumm;59 2nd Trail;394-889-8332;acrombp0@archive.org
2029;Friesen-Morar;123 Butterfield Trail;872-651-9404;krockellp1@slashdot.org
2290;Zemlak-Beatty;51 Lyons Court;841-860-4590;jsummerillp2@ebay.com
2664;Rath and Sons;01369 Kenwood Street;186-603-6404;wkelfp3@walmart.com
2862;Hansen, Spinka and Block;28 Continental Street;975-801-0700;cjacobowiczp4@thetimes.co.uk
2164;O'Hara, Bednar and Wolff;2702 Cascade Junction;620-192-6383;croggierip5@bbc.co.uk
2142;Miller, Haley and Funk;01459 Maple Point;600-569-2000;ebouchardp6@barnesandnoble.com
2797;Wiza LLC;3820 Schmedeman Alley;378-487-0327;rswetmorep7@infoseek.co.jp
2643;Doyle-Wolf;6708 Steensland Alley;405-798-9625;bdurnp8@sciencedirect.com
2355;Greenfelder Inc;647 3rd Center;983-113-0727;rcultchethp9@npr.org
2533;Maggio Group;76310 Buena Vista Parkway;258-699-1778;ncustardpa@simplemachines.org
2679;Kiehn Inc;92482 Garrison Alley;360-591-0376;vnearypb@tmall.com
2192;Lowe-Johnson;84485 Vidon Plaza;792-444-4315;tcoulbeckpc@creativecommons.org
2028;Hermiston, Torp and Brown;1736 Esker Court;463-991-7318;aalexandrescupd@pcworld.com
2112;Stokes and Sons;4286 Prairieview Way;884-745-6528;askipseype@theguardian.com
2184;Von, Watsica and Kemmer;1 Tennessee Parkway;991-545-6042;bmarlowpf@youtu.be
2727;Kreiger, Von and Hettinger;421 Lillian Hill;188-425-1943;ncrawleypg@shinystat.com
2386;Huels, Bauch and Schaefer;8092 Namekagon Center;559-681-5088;dswadlingph@last.fm
2804;Zieme LLC;58452 Burning Wood Road;779-104-4481;pwattingpi@opensource.org
2308;Reynolds-Grady;099 Leroy Point;692-576-8632;pdranpj@netscape.com
2964;Cummerata-Swaniawski;1 Dunning Park;969-265-2141;pbalcockpk@japanpost.jp
2572;Auer, Balistreri and Schmitt;337 Talmadge Plaza;174-710-2497;lcromblehomepl@list-manage.com
2499;Connelly Inc;07733 Hoepker Circle;371-652-0524;mmccordpm@feedburner.com
2312;Jenkins-Kreiger;189 Monica Plaza;860-910-1535;gdinegespn@japanpost.jp
2470;Monahan, Okuneva and Champlin;431 Manufacturers Center;110-503-2768;mybarrapo@purevolume.com
2805;Spinka, Bradtke and Kuhic;00892 Melby Street;565-105-4171;mferfullepp@flickr.com
2341;Durgan-Hoppe;878 Rusk Trail;830-840-9595;mmcmickanpq@examiner.com
2342;Beer, Auer and Grady;46780 Lerdahl Plaza;267-434-9644;gpenhalurickpr@yelp.com
2447;Abernathy, Schinner and Leuschke;3 Dexter Plaza;399-858-0743;sroubyps@wsj.com
2160;Rolfson, Konopelski and Mann;60970 Nelson Road;902-945-0521;baizikovpt@joomla.org
2085;Bauch-Gutmann;99 Melby Junction;381-215-5433;dloughheadpu@list-manage.com
2397;Zieme-Hermann;874 Riverside Court;234-326-2869;kpaullpv@zimbio.com
2122;Hilll Group;1072 Springs Hill;592-458-5269;tgathercolepw@uol.com.br
2929;Graham-Terry;7 Melvin Trail;106-873-3539;froblettpx@bandcamp.com
2948;Abernathy Inc;29 Lukken Junction;297-914-7555;jcousenspy@icq.com
2319;Prosacco and Sons;579 Kings Circle;399-633-4351;tcaudelierpz@blogs.com
2420;Satterfield, Parisian and Leffler;0119 Mendota Lane;933-479-1105;fgutansq0@hugedomains.com
2973;Gorczany and Sons;8 Southridge Circle;823-542-8433;btrevenq1@youtu.be
2405;Price, Williamson and Vandervort;4792 Center Alley;104-281-3797;twhybrayq2@mapquest.com
2921;Marks, Spencer and Bernhard;6 Debra Avenue;415-946-7527;ppraundlinq3@nationalgeographic.com
2974;Steuber and Sons;3228 Novick Alley;404-884-7885;fwetheredq4@pen.io
2948;Frami Group;119 Nova Way;574-871-2264;bsidnellq5@ezinearticles.com
2754;Parker-Hahn;69 Emmet Way;140-742-9710;scroixq6@odnoklassniki.ru
2351;Ullrich, Zboncak and Howell;558 Harbort Way;913-856-1290;tdugueq7@bravesites.com
2173;Kihn-Grady;92855 Starling Point;881-691-9437;dchillq8@quantcast.com
2868;Jenkins, Fahey and Kirlin;49 Duke Court;233-461-3384;mlabelq9@ibm.com
2860;Abshire-McLaughlin;2 Hollow Ridge Hill;197-423-1527;aiversonqa@reddit.com
2881;Thiel, Kerluke and Lind;010 Sachs Plaza;764-242-3220;cdoctorqb@com.com
2452;Emmerich Inc;86 Del Mar Circle;511-740-0082;ltomczakqc@deviantart.com
2719;Parisian, Kassulke and Kozey;54902 Cottonwood Court;873-385-8055;tbushqd@archive.org
2751;Ruecker Group;29339 Iowa Place;589-881-7620;cgullbergqe@jugem.jp
2208;VonRueden, Streich and Smitham;864 Sundown Way;633-875-0193;pclaricoatsqf@netlog.com
2135;Swift Group;6835 Westridge Avenue;427-525-5271;dbyrdqg@salon.com
2562;Lindgren, Brakus and Runolfsson;80599 Colorado Place;271-895-9783;grishbrookqh@usatoday.com
2359;Kuhlman Inc;9799 Loeprich Parkway;191-817-7380;jbollonqi@marriott.com
2414;Lindgren-Baumbach;593 Schurz Avenue;815-698-9906;wdurganqj@xrea.com
2106;Legros Group;66 Buell Alley;498-230-9369;mmolloyqk@archive.org
2890;DuBuque, Feil and Kirlin;999 Surrey Avenue;501-245-9614;omateevql@geocities.com
2880;Keeling-Schultz;8 Michigan Plaza;807-858-5331;solivierqm@accuweather.com
2352;Wintheiser, Bogan and Smith;30585 Express Terrace;942-831-2574;fwasteneyqn@google.co.uk
2999;Flatley-Thiel;1841 Tennessee Hill;180-514-4549;jstormsqo@surveymonkey.com
2659;Howe Inc;83212 Dahle Way;841-934-8654;mchipperfieldqp@netscape.com
2300;Luettgen, Botsford and O'Keefe;095 Morrow Drive;208-298-7133;tregorzqq@mail.ru
2575;Lynch, Little and Williamson;65164 Toban Trail;153-865-0082;nverlingqr@wired.com
2463;Frami, Willms and Koelpin;65 Golf Park;333-796-0487;ntroyqs@google.com.au
2145;Raynor Inc;95569 Almo Circle;132-861-9122;wkurtonqt@samsung.com
2773;Pollich, Wiegand and Mertz;3 Banding Parkway;878-162-6667;dkinzequ@narod.ru
2664;Herzog, Quigley and Runolfsson;95 Pierstorff Hill;234-352-2436;vporkissqv@dedecms.com
2438;Waelchi-Braun;989 Hazelcrest Trail;297-517-0281;ngoffqw@wordpress.com
2915;Jacobi-Crona;983 Mallard Circle;484-427-2199;acatlinqx@nationalgeographic.com
2935;Boyle, Larkin and Nikolaus;54 Donald Avenue;813-652-5920;elaurenceqy@google.es
2129;Von, Batz and Olson;4 Namekagon Park;468-727-3476;dnobesqz@imgur.com
2038;Howe Group;80 4th Alley;542-439-4088;cheikkinenr0@earthlink.net
2843;Berge-D'Amore;22 Florence Trail;774-828-9119;ugunstonr1@wordpress.com
2869;Bins-Christiansen;26 Towne Parkway;381-882-8264;ehallstoner2@wix.com
2468;Pfannerstill, Doyle and Schmeler;50 American Street;915-527-8687;jstonhouser3@google.it
2659;Farrell-Kozey;51 Forest Alley;396-565-3140;asawyerr4@gnu.org
2824;Schamberger LLC;2 Westridge Plaza;588-453-6662;ipatersonr5@sourceforge.net
2866;Dare, Effertz and Cruickshank;158 Golden Leaf Terrace;867-385-6959;cfrancar6@adobe.com
2906;Kub-Runolfsdottir;03304 Montana Way;488-398-2587;cfullmanr7@about.me
2541;Jakubowski, Fritsch and Gleichner;928 Sutherland Drive;296-368-6008;mennewr8@indiegogo.com
2278;Jacobi, Goodwin and Hamill;7603 West Way;868-499-1045;acapnorr9@furl.net
2118;Hane-Jacobs;27521 High Crossing Alley;699-283-5305;sshoresonra@indiatimes.com
2840;Connelly, Hane and Runte;959 Petterle Way;360-967-5893;cwhytemanrb@abc.net.au
2339;Jones, Fay and Cronin;93 Onsgard Parkway;772-893-8805;felsworthrc@usa.gov
2580;Beatty Inc;083 Russell Terrace;632-581-9159;tvanvuurenrd@meetup.com
2156;Balistreri, Dicki and Lebsack;7044 Colorado Plaza;492-421-6064;rpolesre@disqus.com
2009;Langworth, Bailey and Cormier;73 Springs Street;660-977-2141;lwyrallrf@nbcnews.com
2497;Sanford-Klein;48215 Derek Center;974-652-5654;kandresenrg@yellowpages.com
2328;Schowalter, Graham and Brekke;21 Golf View Way;393-143-0870;agasonrh@joomla.org
2026;Grant and Sons;62 Brown Point;835-855-6553;tlamboleri@kickstarter.com
2355;Wisoky-Rice;378 Loftsgordon Park;302-345-6841;tgiblettrj@noaa.gov
2783;Wolf-Jones;3388 Linden Street;878-726-4219;mkeyzmanrk@pinterest.com
2730;Paucek-Adams;84329 Becker Parkway;628-692-4251;vstiffellrl@marketwatch.com
2640;Grady-Borer;38 Eggendart Pass;938-244-5052;hstampsrm@howstuffworks.com
2858;Rolfson LLC;2 Delladonna Pass;382-340-7009;aworsfieldrn@howstuffworks.com
2502;Emmerich-Upton;670 West Drive;241-566-8487;bpatifieldro@hp.com
2716;Fahey LLC;99 Ronald Regan Hill;462-711-4342;afipprp@hao123.com
2688;Windler-Murray;7516 Dapin Plaza;621-679-9624;qcorkellrq@alexa.com
2509;Pollich, Parisian and Farrell;718 Barby Point;249-925-9410;vibbittrr@spiegel.de
